run,window,submitted_fps,cpu_ms_median,active_wall_ms_median,frame_interval_ms_p95,rss_mib_median,long_intervals_over_25ms,frames,exit
primary-ad-2.0-1,30-90,60.0,1.41765,0.6841559999999989,16.9359338,761.45703125,0,3600,0
primary-ad-2.0-2,30-90,60.0,1.45911,0.6951954999999996,16.94185095,740.55078125,0,3600,0
primary-ad-2.0-3,30-90,60.0,1.418839,0.6870259999999995,16.9083061,743.0,0,3600,0
primary-ad-main-1,30-90,59.53333333333333,3.6363130000000004,3.7746744999999997,18.350184549999998,318.12109375,29,3572,0
primary-ad-main-2,30-90,59.85,3.215818,3.331458999999999,18.1532285,312.63671875,11,3591,0
primary-ad-main-3,30-90,59.55,4.371267,4.519779999999999,18.9342322,315.37890625,29,3573,0
settled-mjolnir-2.0-1,45-105,60.0,8.902694499999999,2.1205644999999995,17.910059799999996,1248.36328125,1,3600,0
settled-mjolnir-2.0-2,45-105,59.983333333333334,8.865839,2.0066929999999985,18.086944999999996,1408.45703125,1,3599,0
settled-mjolnir-2.0-3,45-105,30.083333333333332,9.985549,18.903841,36.2361396,1242.998046875,1790,1805,0
settled-mjolnir-main-1,45-105,18.916666666666668,41.058,41.875144,67.7898332,907.51953125,1135,1135,0
settled-mjolnir-main-2,45-105,18.833333333333332,43.307925,43.998651499999994,66.62738635,911.65625,1130,1130,0
settled-mjolnir-main-3,45-105,18.1,44.1339435,44.8964725,75.7723975,908.44140625,1086,1086,0
