id,category,behavior,source_ref,source_files,source_evidence,destination_owner,disposition,phase,acceptance,status
BASE-001,Base engine,"Classic single-player campaigns, mission packs, demos and dedicated server operation",MAIN,Quake/host.c;Quake/cl_demo.c,MAIN:Quake/host.c:47 (Host_Init); MAIN:Quake/cl_demo.c:468 (CL_PlayDemo_f),Quake/host.c;Quake/cl_demo.c;Quake/sv_main.c,KEEP-DONOR,P0,"Launch id1/Hipnotic/Rogue, record/play demo, run dedicated server and desktop client without a VR runtime.",source mapped; integration/acceptance pending
BASE-002,Base engine,"Existing console, cvars, aliases, configs, bind commands and startup ordering",MAIN,Quake/cmd.c;Quake/cvar.c;Quake/cfgfile.c,MAIN:Quake/cmd.c:777 (Cmd_AddCommand); MAIN:Quake/cvar.c:548 (Cvar_RegisterVariable); MAIN:Quake/cfgfile.c:2 (CFG),Quake/cmd.c;Quake/cvar.c;Quake/cfgfile.c,ADAPT,P2,"Load copied old configs and aliases; retain user overrides, postcfg ordering and unknown-variable compatibility.",source mapped; integration/acceptance pending
BASE-003,Base engine,Ordinary mouse/keyboard/joystick desktop movement and demo camera,MAIN,Quake/in_sdl.c;Quake/default_cfg.h,MAIN:Quake/in_sdl.c:822 (IN_Move); MAIN:Quake/default_cfg.h:4 (bind),Quake/in_sdl.c;Quake/keys.c;Quake/view.c,ADAPT,P1,Desktop movement and demo turning match reference; enabling then disabling VR releases held keys and restores desktop input.,source mapped; integration/acceptance pending
VR-001,Inherited VR,"Explicit VR selection, runtime initialization, healthy disable and re-enable",MAIN,Quake/vr.c;Quake/vr.c,MAIN:Quake/vr.c:2999 (VR_Enabled_f); MAIN:Quake/vr.c:118 (vr_enabled),Quake/vr.c (port);Quake/gl_vidsdl.c,ADAPT,P1,"No runtime needed for desktop; explicit VR startup, hot-connect and disable/re-enable behave predictably.",source mapped; integration/acceptance pending
VR-002,Inherited VR,"OpenVR head/controller poses, session events and loading/map-change continuity",MAIN,Quake/vr.c;Quake/vr.c,MAIN:Quake/vr.c:645 (VR_AcquirePoseSnapshot); MAIN:Quake/vr.c:648 (VR_DispatchOpenVREvents),Quake/vr.c;existing donor video/session boundary,ADAPT,P1,Tracking survives map loads; focus loss and reconnect release inputs; migrate compositor submission to Vulkan without changing pose/input semantics.,source mapped; integration/acceptance pending
VR-003,Inherited VR,"Asymmetric stereo projection, physical IPD and coordinate conversion",MAIN,Quake/vr.c;Quake/vr.c,MAIN:Quake/vr.c:2877 (QuatToYawPitchRoll); MAIN:Quake/vr.c:1897 (meters_to_units),Quake/vr.c;Quake/gl_rmain.c;donor camera structures,ADAPT,P1,"Both eyes have correct handedness, scale and asymmetric projection; no double application of head translation.",source mapped; integration/acceptance pending
VR-004,Inherited VR,"World scale, floor offset, recenter and room-scale movement",MAIN,Quake/vr.c;Quake/vr.c;Quake/vr.c,MAIN:Quake/vr.c:1897 (vr_world_scale); MAIN:Quake/vr.c:1927 (vr_floor_offset); MAIN:Quake/vr.c:1892 (vr_room_scale_move),Quake/vr.c;Quake/cl_input.c;Quake/pmove.c (port),ADAPT,P1,"Walk physically, recenter, resize world scale and teleport without accumulated motion or yaw debt.",source mapped; integration/acceptance pending
VR-005,Inherited VR,Head/hand aiming modes and aim deadzone,MAIN,Quake/vr.c;Quake/vr.c,MAIN:Quake/vr.c:1917 (vr_aimmode); MAIN:Quake/vr.c:2994 (VR_AimMode_f),Quake/vr.c;Quake/view.c,REUSE,P1,Exercise each exposed aiming mode and deadzone with independent head and controller rotation.,source mapped; integration/acceptance pending
VR-006,Inherited VR,"Left-handed mode, physical-hand binding identity and controller input release",MAIN,Quake/vr.c;Quake/vr.c,MAIN:Quake/vr.c:636 (VR_ApplyHandedness); MAIN:Quake/vr.c:897 (VR_ReleaseControllerInputs),Quake/vr.c;Quake/keys.c,REUSE,P1,Swap handedness while buttons are held; logical weapon hand changes without swapping physical haptic/device identity.,source mapped; integration/acceptance pending
VR-007,Inherited VR,"Snap, smooth and 180-degree turning",MAIN,Quake/vr.c;Quake/vr.c;Quake/vr.c,MAIN:Quake/vr.c:1928 (vr_snap_turn); MAIN:Quake/vr.c:1929 (vr_180_snap_turn); MAIN:Quake/vr.c:1930 (vr_turn_speed),Quake/vr.c;Quake/cl_input.c,REUSE,P1,Check turn amounts/rates and rearm thresholds at different frame rates and beside walls.,source mapped; integration/acceptance pending
VR-008,Inherited VR,"Joystick deadzones, exponent, movement direction, speed and instant-stop option",MAIN,Quake/vr.c;Quake/vr.c;Quake/vr.c,MAIN:Quake/vr.c:1948 (vr_joystick_axis_exponent); MAIN:Quake/vr.c:1936 (vr_movement_mode); MAIN:Quake/vr.c:2672 (VR_MigrateMovementDefaults_f),Quake/vr.c;Quake/cl_input.c;Quake/pmove.c,REUSE,P1,Old and fresh configs preserve intended movement defaults; stick release and head/hand-relative movement match reference.,instant stop excluded; ordinary joystick response/movement direction/release remain required; see migration-scope-decisions.md
VR-009,Inherited VR,"Core SteamVR/controller bindings, Index squeeze behavior and Vive trackpad fallback",MAIN,Quake/vr.c;Quake/default_cfg.h;Quake/openvr.h,MAIN:Quake/vr.c:115 (VR_ApplyDefaultBindings); MAIN:Quake/default_cfg.h:4 (bind); MAIN:Quake/openvr.h:2196 (IVRInput),Quake/vr.c;input defaults and packaged bindings,ADAPT,P3,"Index, Vive and ordinary controller inputs can move/fire/open wheel/use/score; custom bindings are not overwritten.",source mapped; integration/acceptance pending
VR-010,Inherited VR,Weapon/menu haptics and user toggle,MAIN,Quake/vr.c;Quake/vr_menu.c,MAIN:Quake/vr.c:1931 (vr_haptic); MAIN:Quake/vr_menu.c:310 (VR_MenuPlaySound),Quake/vr.c;Quake/vr_openxr.cpp;Quake/vr_menu.c,ADAPT,P3,"Attack, selection and menu pulses use the correct hand; disabling haptics suppresses all paths.",source mapped; integration/acceptance pending
VR-011,Inherited VR,"Crosshair depth, size, opacity and world alignment",MAIN,Quake/vr.c;Quake/vr.c,MAIN:Quake/vr.c:1914 (vr_crosshair_depth); MAIN:Quake/vr.c:1916 (vr_crosshair_alpha),Quake/vr.c;existing donor draw contexts,ADAPT,P3,Crosshair respects occlusion/depth policy and calibrated aim in each eye; desktop crosshair remains independent.,source mapped; integration/acceptance pending
VR-012,Inherited VR,"HUD, console, scoreboard and legacy menu world placement/scaling",MAIN,Quake/vr.c;Quake/vr.c;Quake/vr_menu.c,MAIN:Quake/vr.c:1950 (vr_hud_scale); MAIN:Quake/vr.c:1951 (vr_menu_scale); MAIN:Quake/vr_menu.c:306 (VR_MenuDraw),Quake/vr.c;Quake/gl_draw.c;Quake/gl_screen.c,ADAPT,P3,"Loading, console-forced-up and scoreboard states preserve readable, correctly placed stereo UI.",source mapped; integration/acceptance pending
VR-013,Inherited VR,"Pointer-driven menus, trigger selection and scrolling options",MAIN,Quake/vr.c;Quake/vr.c;Quake/vr_menu.c,MAIN:Quake/vr.c:325 (VR_UpdateMenuPointer); MAIN:Quake/vr.c:326 (VR_DoMenuTrigger); MAIN:Quake/vr_menu.c:848 (VR_MenuPointerMove),Quake/vr.c;Quake/menu.c;Quake/vr_menu.c,ADAPT,P3,"Ray hover matches activation for sliders/lists/actions, with no click-through or repeated input on closing menus.",source mapped; integration/acceptance pending
VR-014,Inherited VR,View kick/roll separation and teleport camera continuity,MAIN,Quake/vr.c;Quake/view.c,MAIN:Quake/vr.c:1906 (vr_viewkick); MAIN:Quake/view.c:796 (V_CalcRefdef),Quake/vr.c;Quake/view.c;Quake/cl_parse.c,ADAPT,P1,Wrist roll does not trigger QC view corrections; teleport orientation and death camera remain stable while head tracking continues.,source mapped; integration/acceptance pending
VR-015,Inherited VR,Optional desktop mirror and hidden-area depth mask,MAIN,Quake/vr.c;Quake/vr.c,MAIN:Quake/vr.c:1933 (vr_mirror); MAIN:Quake/vr.c:741 (VR_DrawHiddenAreaDepthMask),Quake/vr.c;donor render passes/WSI,ADAPT,P4,Mirror can be disabled without losing XR submission; conservative per-eye mask never hides visible geometry or UI.,source mapped; integration/acceptance pending
VR-016,Inherited VR,VR MSAA and high-precision color targets,MAIN,Quake/vr.c;Quake/vr.c,MAIN:Quake/vr.c:1932 (vr_msaa); MAIN:Quake/vr.c:1935 (vr_highprecision_targets),Quake/gl_vidsdl.c;donor render passes,DONOR-ADAPT,P4,Requested sample counts and color formats survive postprocess/resolve to XR; compare dark ramps and alpha edges.,source mapped; integration/acceptance pending
WPN-001,Weapon wheel and calibration,Desktop screen-space and VR playspace weapon wheels,MAIN,Quake/vr.c;Quake/vr_weaponmenu_hit.h,MAIN:Quake/vr.c:1956 (vr_weaponmenu_mode); MAIN:Quake/vr_weaponmenu_hit.h:1 (VR_),Quake/vr.c;Quake/sbar.c;donor draw contexts,ADAPT,P3,Mouse/stick and controller-ray selection work in their respective modes with accurate hover hitboxes.,source mapped; integration/acceptance pending
WPN-002,Weapon wheel and calibration,"Stable hover, retained known weapons and selection across transient model/stat changes",MAIN,Quake/vr.c;Quake/vr.c,MAIN:Quake/vr.c:1849 (VR_ResetDynWeaponsToBase); MAIN:Quake/vr.c:1714 (VR_WeaponIsActive),Quake/vr.c;Quake/vr_weapon_catalog.h,REUSE,P3,Weapon swaps do not clear a valid hover; mod changes clear only stale catalog entries.,source mapped; integration/acceptance pending
WPN-003,Weapon wheel and calibration,Explicit ownership stats/custom bitmasks and unschematized weapon discovery,MAIN,Quake/vr.c;Quake/vr.c,MAIN:Quake/vr.c:1089 (VR_DynWeaponCanUseItemOwnership); MAIN:Quake/vr.c:1735 (VR_WeaponIsOwned),Quake/vr.c;Quake/vr_weapon_catalog.h,REUSE,P3,Custom high bits and unknown weapons use validated ownership; unowned or arbitrary models do not become selectable.,source mapped; integration/acceptance pending
WPN-004,Weapon wheel and calibration,"Dynamic ammo quantities, maxima and weapon readiness display",MAIN,Quake/vr.c;Quake/vr.c,MAIN:Quake/vr.c:1766 (VR_GetWeaponAmmo); MAIN:Quake/vr.c:1003 (VR_ParseStatName),Quake/vr.c;Quake/sbar.c,REUSE,P3,Mod-defined ammo limits and alternate pools display correctly without assuming vanilla caps.,source mapped; integration/acceptance pending
WPN-005,Weapon wheel and calibration,"Built-in vanilla, Hipnotic, Rogue, AD, Dwell, Alkaline, QBJ3, Mjolnir and MG3 profiles",MAIN,Quake/vr.c;Quake/vr.c;Quake/vr.c,MAIN:Quake/vr.c:1674 (VR_AddBuiltinWeaponDefaults); MAIN:Quake/vr.c:1637 (VR_AddMjolnirWeaponDefaults); MAIN:Quake/vr.c:1660 (VR_AddMG3WeaponDefaults),Quake/vr.c;weapon-profile data,REUSE,P3,"Cycle every declared profile; use correct impulse, ownership and model discriminators for each mod.",source mapped; integration/acceptance pending
WPN-006,Weapon wheel and calibration,Per-mod weapon schema and trusted metadata loading/reload precedence,MAIN,Quake/vr.c;Quake/vr.c,MAIN:Quake/vr.c:328 (vr_weapons); MAIN:Quake/vr.c:3009 (VR_ReloadWeaponAdjustmentProfiles),Quake/vr.c;existing donor filesystem,ADAPT,P3,"Built-ins, mod schemas and user overrides retain precedence; malformed schemas cannot poison later mod sessions.",source mapped; integration/acceptance pending
WPN-007,Weapon wheel and calibration,Single-player and multiplayer held-weapon adjustment,MAIN,Quake/vr.c;Quake/vr.c,MAIN:Quake/vr.c:7693 (VR_AdjustWeapon_f); MAIN:Quake/vr.c:7695 (VR_AdjustMPWeapon_f),Quake/vr.c;Quake/vr_menu.c;donor UI drawing,ADAPT,P3,"Move/rotate/scale a weapon, save, restart and reconnect; preview and persisted transform agree.",source mapped; integration/acceptance pending
WPN-008,Weapon wheel and calibration,Independent muzzle calibration and global weapon-offset aliases,MAIN,Quake/vr.c;Quake/vr.c;Quake/vr.c,MAIN:Quake/vr.c:7704 (VR_AdjustMuzzle_f); MAIN:Quake/vr.c:7706 (VR_AdjustMPMuzzle_f); MAIN:Quake/vr.c:7715 (VR_GlobalWeaponOffset_f),Quake/vr.c;Quake/sv_user.c;Quake/pr_cmds.c,REUSE,P3,Muzzle flashes/projectiles agree with calibrated barrel in SP and remote co-op; old command aliases still work.,source mapped; integration/acceptance pending
WPN-009,Weapon wheel and calibration,Grip transform distinct from aim transform and enhanced-model scaling,MAIN,Quake/vr.c;Quake/vr.c,MAIN:Quake/vr.c:3104 (VR_ViewmodelOffsetScale); MAIN:Quake/vr.c:3100 (VR_ViewmodelUsesNeutralProfile),Quake/vr.c;Quake/r_alias.c;Quake/r_vrik.c (port),ADAPT,P3,Classic/enhanced viewmodels and avatar palms share correct scale without double-transforming muzzle/grip.,source mapped; integration/acceptance pending
WPN-010,Weapon wheel and calibration,Server-authoritative projectile placement and mission-pack tuning,MAIN,Quake/pr_cmds.c;Quake/vr.c,MAIN:Quake/pr_cmds.c:39 (VR); MAIN:Quake/vr.c:1924 (vr_projectilespawn_z_offset),Quake/pr_cmds.c;Quake/sv_user.c;Quake/vr.c,ADAPT,P1,"Nails, grenades, rockets and mission-pack projectiles spawn at accepted calibrated pose, including remote clients near walls.",source mapped; integration/acceptance pending
WPN-011,Weapon wheel and calibration,"Co-op wheel player actions, labels/outlines and exact action hitboxes",MAIN,Quake/vr_weaponmenu_hit.h;Quake/vr.c,MAIN:Quake/vr_weaponmenu_hit.h:1 (VR_); MAIN:Quake/vr.c:1957 (vr_weaponmenu_player_teleport),Quake/vr.c;Quake/sbar.c;Quake/host_cmd.c,ADAPT,P3,"Player selection, teleport and respawn buttons match rendered hitboxes with long names and changing player slots.",source mapped; integration/acceptance pending
WPN-012,Weapon wheel and calibration,Per-hand akimbo models/attacks and generated split weapon geometry,MAIN,Quake/vr.c;Quake/vr_mdl_split.h;docs/server.md,MAIN:Quake/vr.c:3201 (VR_AkimboModels); MAIN:Quake/vr_mdl_split.h:1 (VR_); MAIN:docs/server.md:23 (VR akimbo),Quake/vr.c;donor model-loader buffers;Quake/sv_user.c,ADAPT,P3,"QBJ3 twin nailgun and supported split models retain independent aim, ammo/attack semantics, left-handed behavior and native fallback.",partial: QBJ3 twin and Enyo paired adapters; Dwell paired axes integrated with headless runtime coverage; pinned QBJ3 wrench and fists connected with two-target contact ownership and server offers; Linux build and transform/input regressions pass; accepted-contact/native-fist runtime proof and independent review pending; tracked qualification deferred
COOP-001,Co-op and saves,Classic co-op opt-out versus streamlined default profile,MAIN,Quake/sv_main.c;docs/server.md,MAIN:Quake/sv_main.c:149 (sv_coop_classic); MAIN:docs/server.md:5 (Classic co-op),Quake/sv_main.c;Quake/world.c;Quake/host_cmd.c,REUSE,P2,All automatic -1 policy variables follow the selected profile; explicit overrides retain priority.,source mapped; integration/acceptance pending
COOP-002,Co-op and saves,"Player collision, friendly-fire and telefrag policy",MAIN,Quake/host.c;Quake/sv_main.c,MAIN:Quake/host.c:86 (sv_coop_noplayerclip); MAIN:Quake/sv_main.c:150 (sv_coop_notelefrag),Quake/world.c;Quake/sv_phys.c;Quake/sv_main.c,ADAPT,P2,Players can coexist under streamlined settings; competitive/classic collision and damage remain correct.,source mapped; integration/acceptance pending
COOP-003,Co-op and saves,Shared weapon/key pickups without unintended ammo sharing,MAIN,Quake/coop_inventory_policy.h;Quake/sv_main.c,MAIN:Quake/coop_inventory_policy.h:8 (Coop); MAIN:Quake/sv_main.c:152 (sv_coop_shared_pickups),Quake/world.c;Quake/coop_inventory_policy.h (port),REUSE,P2,Two clients receive intended weapon/key state; ammo-only pickups keep native ownership and amounts.,source mapped; integration/acceptance pending
COOP-004,Co-op and saves,"Native pickup targets, item callbacks and class-restricted compatibility fixes",MAIN,Quake/sv_main.c;Quake/sv_main.c,MAIN:Quake/sv_main.c:153 (sv_coop_weapon_targetfix); MAIN:Quake/sv_main.c:156 (sv_coop_pickup_targetfix_classes),Quake/world.c;Quake/pr_cmds.c,REUSE,P2,"Pickups fire native targets once, preserve QC self/other and avoid altering unrelated touch functions.",source mapped; integration/acceptance pending
COOP-005,Co-op and saves,Ammo and progression equipment respawn policy,MAIN,Quake/sv_main.c;Quake/sv_main.c,MAIN:Quake/sv_main.c:157 (sv_coop_ammo_respawn); MAIN:Quake/sv_main.c:161 (sv_coop_progression_item_respawn_classes),Quake/world.c;Quake/sv_phys.c,REUSE,P2,"Ammo, suits and jump boots follow class/time settings; maps remain traversable for later players.",source mapped; integration/acceptance pending
COOP-006,Co-op and saves,"Respawn near another player, cooldown and preserved loadout",MAIN,Quake/sv_main.c;Quake/sv_main.c,MAIN:Quake/sv_main.c:165 (sv_coop_respawn_near_player); MAIN:Quake/sv_main.c:167 (sv_coop_respawn_keep_weapons_ammo),Quake/host_cmd.c;Quake/sv_main.c,REUSE,P2,Dead client respawns at safe position after delay with exact intended weapons/ammo; no telefrag or world embedding.,source mapped; integration/acceptance pending
COOP-007,Co-op and saves,"Melee revive, health/range policy and ordinary native melee coexistence",MAIN,Quake/sv_main.c;Quake/sv_main.c,MAIN:Quake/sv_main.c:162 (sv_coop_revive); MAIN:Quake/sv_main.c:164 (sv_coop_revive_range),Quake/pr_cmds.c;Quake/world.c;Quake/sv_main.c,REUSE,P2,Valid teammate revives once within range; dead/invalid targets and hostile targets retain native behavior.,source mapped; integration/acceptance pending
COOP-008,Co-op and saves,Co-op player teleport fallback and yaw/room-scale reconciliation,MAIN,Quake/sv_main.c;Quake/host_cmd.c,MAIN:Quake/sv_main.c:151 (sv_coop_player_teleport_fallback); MAIN:Quake/host_cmd.c:2631 (teleport),Quake/host_cmd.c;Quake/cl_parse.c;Quake/vr.c,ADAPT,P2,Selected player teleport preserves safe arrival/yaw and resets tracking/prediction debt.,source mapped; integration/acceptance pending
COOP-009,Co-op and saves,Player outlines and names visible through walls on scoreboard,MAIN,Quake/gl_rmain.c;Quake/sbar.c,MAIN:Quake/gl_rmain.c:271 (outline); MAIN:Quake/sbar.c:22 (Sbar),Quake/gl_rmain.c;Quake/sbar.c;donor overlay pass,ADAPT,P3,Outlines respect scoreboard visibility and player identity in both eyes and desktop without changing world depth.,source mapped; integration/acceptance pending
COOP-010,Co-op and saves,"Multiplayer save versions 5/6/7, dead-player inventory and restored clients",MAIN,Quake/host_cmd.c;Quake/host.c,MAIN:Quake/host_cmd.c:1177 (SAVEGAME_VERSION); MAIN:Quake/host.c:87 (sv_save_multiplayer),Quake/host_cmd.c;Quake/pr_edict.c,ADAPT,P2,Load copied fork 5/6/7 and donor KEX6 saves using read-only dialect validation before any mod/server mutation.,source mapped; integration/acceptance pending
COOP-011,Co-op and saves,"Late joins, pending saved slots, signon and hub progression persistence",MAIN,Quake/host_cmd.c;Quake/sv_main.c,MAIN:Quake/host_cmd.c:1095 (save); MAIN:Quake/sv_main.c:149 (coop),Quake/host_cmd.c;Quake/sv_main.c;Quake/coop_inventory_policy.h,REUSE,P2,"Save with dead/disconnected clients, reconnect in different order, change hubs and retain inventory/progression exactly.",source mapped; integration/acceptance pending
COOP-012,Co-op and saves,Rotating co-op autosaves and interval/kill gates,MAIN,Quake/sv_main.c;Quake/sv_main.c,MAIN:Quake/sv_main.c:169 (sv_coop_autosave_slots); MAIN:Quake/sv_main.c:171 (sv_coop_autosave_kill_interval),Quake/host_cmd.c;Quake/sv_main.c,REUSE,P2,"Slots rotate at configured gates, manual/deployed saves are not overwritten and late-join state remains restorable.",source mapped; integration/acceptance pending
COOP-013,Co-op and saves,"QBJ3 void respawn/death state, teleport occupancy latches and native frozen limbo",MAIN,Quake/world.c;Quake/sv_phys.c;docs/vr-gorilla.md,MAIN:Quake/world.c:79 (teleport); MAIN:Quake/sv_phys.c:6223 (SV_ApplyLegacyVRRoomScaleMove); MAIN:docs/vr-gorilla.md:136 (teleport),Quake/world.c;Quake/pmove.c;Quake/sv_user.c;Quake/vr.c,ADAPT,P2,Both known QBJ3 progs revisions: overlap/reentry and source reuse; frozen client consumes tracking without movement; fresh movement resumes without debt.,source mapped; integration/acceptance pending
MOVE-001,Physical VR gameplay,Client weapon obstruction/contact with real model geometry,MAIN,Quake/vr.c;docs/vr-melee.md,MAIN:Quake/vr.c:7196 (VR_ResolveWeaponGeometry); MAIN:docs/vr-melee.md:11 (General weapon obstruction),Quake/vr.c;donor model geometry access,ADAPT,P3,Wall/brush obstruction uses calibrated geometry; visual clipping/contact never grants client damage authority.,source mapped; integration/acceptance pending
MOVE-002,Physical VR gameplay,"Server-qualified immersive strokes, low-effort reach assistance and contact continuity",MAIN,docs/vr-melee.md;Quake/vr_melee_reach.h;Quake/sv_main.c,MAIN:docs/vr-melee.md:42 (Networking and authority); MAIN:Quake/vr_melee_reach.h:8 (VR_); MAIN:Quake/sv_main.c:178 (sv_melee_hitassist),Quake/sv_user.c;Quake/pr_cmds.c;Quake/vr_melee_reach.h,REUSE,P3,"Hit/miss/wall/corpse/recovery, short strokes and reset/loss cases preserve native damage and do not turn locomotion into attacks.",source mapped; integration/acceptance pending
MOVE-003,Physical VR gameplay,Automatic local-SP melee/contact versus server-controlled multiplayer activation,MAIN,Quake/sv_main.c;Quake/sv_main.c;docs/server.md,MAIN:Quake/sv_main.c:177 (sv_immersive_melee); MAIN:Quake/sv_main.c:179 (sv_weapon_collision); MAIN:docs/server.md:44 (automatic),Quake/sv_main.c;Quake/vr.c,REUSE,P3,Automatic settings enable only intended local cases; explicit server disable works without restarting or stuck attack state.,source mapped; integration/acceptance pending
MOVE-004,Physical VR gameplay,Vanilla/Copper and AD native melee adapters,MAIN,Quake/vr_melee_copper.h;Quake/vr_melee_ad.h,MAIN:Quake/vr_melee_copper.h:2 (VR_); MAIN:Quake/vr_melee_ad.h:3 (VR_),Quake/pr_cmds.c;existing mod adapter headers,REUSE,P3,"Native damage, armor/powerups, touch targets, corpse hits and QC side effects survive physical swings and ordinary trigger attacks.",source mapped; integration/acceptance pending
MOVE-005,Physical VR gameplay,Alkaline/QBJ3 native melee and supported QBJ3 program revisions,MAIN,Quake/vr_melee_alk.h;docs/vr-melee.md,MAIN:Quake/vr_melee_alk.h:3 (VR_); MAIN:docs/vr-melee.md:76 (QBJ3),Quake/pr_cmds.c;Quake/vr_melee_alk.h;Quake/vr.c,REUSE,P3,"Distributed and earlier pinned QBJ3 revisions retain wrench/Enyo attacks, healing/ammo/readiness and equipment/death behavior.",partial: installed QBJ3 and Enyo native melee adapters connected; Enyo program/readiness and held transforms verified; runtime contact/damage and other revisions/families pending
MOVE-006,Physical VR gameplay,Drake/Dwell and Mjolnir/Gungnir hammer and spear semantics,MAIN,Quake/vr_melee_drake.h;Quake/vr_melee_mjolnir.h;Quake/vr_melee_gungnir.h,MAIN:Quake/vr_melee_drake.h:5 (VR_); MAIN:Quake/vr_melee_mjolnir.h:4 (VR_); MAIN:Quake/vr_melee_gungnir.h:3 (VR_),Quake/pr_cmds.c;existing melee headers,REUSE,P3,"Charge tiers, ammo costs, shards, delayed thinks and per-mod weapon readiness remain native; no extra animation-driven hit.",source mapped; integration/acceptance pending
MOVE-007,Physical VR gameplay,Immortal scimitar/mace/rapier and Tome/airborne/charged behavior,MAIN,Quake/vr_melee_immortal.h;Quake/vr_melee_scimitar.h;Quake/vr_melee_mace.h;Quake/vr_melee_rapier.h,MAIN:Quake/vr_melee_immortal.h:3 (VR_); MAIN:Quake/vr_melee_scimitar.h:3 (VR_); MAIN:Quake/vr_melee_mace.h:3 (VR_); MAIN:Quake/vr_melee_rapier.h:5 (VR_),Quake/pr_cmds.c;existing melee headers,REUSE,P3,"Preserve lunge/projectile, healing, ghost crystal costs, power-up variants and hit/miss state transitions.",source mapped; integration/acceptance pending
MOVE-008,Physical VR gameplay,"Parry, per-hand continuity, support grips and chainsaw/native-trigger hybrids",MAIN,docs/vr-melee.md;docs/server.md;Quake/vr.c,MAIN:docs/vr-melee.md:60 (Parrying); MAIN:docs/server.md:128 (Chainsaws); MAIN:Quake/vr.c:3201 (VR_AkimboModels),Quake/vr.c;Quake/sv_user.c;Quake/pr_cmds.c,ADAPT,P3,"Both hands, left-handed mode and moving brushes work; collision profile controls parry; native held/released trigger semantics remain intact.",source mapped; integration/acceptance pending
MOVE-009,Physical VR gameplay,Optional Gorilla hand propulsion and server permission,MAIN,Quake/vr.c;Quake/sv_main.c;Quake/vr_gorilla.h,MAIN:Quake/vr.c:1937 (vr_gorilla); MAIN:Quake/sv_main.c:141 (sv_gorilla); MAIN:Quake/vr_gorilla.h:26 (VR_),Quake/vr.c;Quake/pmove.c;Quake/sv_user.c,DEFERRED-BY-USER,P2,Default remains off locally; one/two-hand pushes and responsive ground slaps match reference at multiple frame rates.,excluded from current goal; see migration-scope-decisions.md
MOVE-010,Physical VR gameplay,"Gorilla hand contacts, moving platforms and collision/palm release",MAIN,docs/vr-gorilla.md;Quake/vr_gorilla.h,MAIN:docs/vr-gorilla.md:52 (Hands and moving surfaces); MAIN:Quake/vr_gorilla.h:26 (VR_),Quake/vr_gorilla.h;Quake/pmove.c;Quake/world.c,DEFERRED-BY-USER,P2,Platforms and doors carry contacts safely; source disappearance/teleport and remaining stroke release do not create extra launch velocity.,excluded from current goal; see migration-scope-decisions.md
MOVE-011,Physical VR gameplay,"Gorilla swimming, ladder transitions, posture and native momentum",MAIN,Quake/vr_gorilla_swim.h;docs/vr-gorilla.md;docs/vr-gorilla.md,MAIN:Quake/vr_gorilla_swim.h:4 (VR_); MAIN:docs/vr-gorilla.md:26 (deep water); MAIN:docs/vr-gorilla.md:24 (ladder),Quake/pmove.c;Quake/vr_gorilla_swim.h;Quake/vr.c,REUSE,P2,"Swim strokes, actual ladder contact, wind/jump pads and knockback retain documented control and momentum; no alternate player hull.",Gorilla locomotion/swim strokes excluded; ordinary VR swimming/ladder/native momentum remain required; see migration-scope-decisions.md
MOVE-012,Physical VR gameplay,"Sequenced Gorilla contribution/ACK policy, presentation and reset",MAIN,Quake/sv_main.c;docs/vr-gorilla.md,MAIN:Quake/sv_main.c:142 (sv_gorilla_trustclient); MAIN:docs/vr-gorilla.md:104 (Networking and mod compatibility),Quake/cl_input.c;Quake/sv_user.c;Quake/pmove.c,DEFERRED-BY-USER,P2,Loss/redundancy/teleport/reconnect cannot reapply a hand stroke; retain current negotiated trust policy rather than inventing a new movement protocol.,excluded from current goal; see migration-scope-decisions.md
AV-001,Avatars and tracking,Networked head/hand VRIK with capability negotiation and bounded codecs,MAIN,Quake/vrik_codec.c;Quake/player_avatar.c;Quake/r_vrik.c,MAIN:Quake/vrik_codec.c:1 (VRIK); MAIN:Quake/player_avatar.c:161 (PlayerAvatar_ParseProtocolOffer); MAIN:Quake/r_vrik.c:1 (VRIK),Quake/vrik_codec.c;Quake/cl_parse.c;Quake/sv_user.c;Quake/r_vrik.c,ADAPT,P2,Two capable peers see independent tracked poses; unsupported peers use normal model presentation; stale/bad pose data resets safely.,source mapped; integration/acceptance pending
AV-002,Avatars and tracking,"VRIK palm/barrel effects, interpolation and rig compatibility gating",MAIN,Quake/vr.c;Quake/vr.c;Quake/r_vrik.c,MAIN:Quake/vr.c:3015 (VR_VRIKAvailable); MAIN:Quake/vr.c:3022 (VR_VRIKAllowedForGame); MAIN:Quake/r_vrik.c:1 (VRIK),Quake/r_vrik.c;Quake/r_alias.c;Quake/gl_model.c,ADAPT,P1,Use same prepared entity pose for draw/shadow/equipment; muzzle flares follow barrel; incompatible rigs fall back to native animation.,source mapped; integration/acceptance pending
AV-003,Avatars and tracking,Rerelease/monster/animal avatar selection and desktop/dead fallback,MAIN,Quake/player_avatar.c;Quake/r_avatar.c;docs/qbj3-avatars.md,MAIN:Quake/player_avatar.c:111 (PlayerAvatar_IdForKey); MAIN:Quake/r_avatar.c:1 (Avatar); MAIN:docs/qbj3-avatars.md:15 (cosmetic),Quake/player_avatar.c;Quake/r_avatar.c;Quake/menu.c;Quake/r_alias.c,ADAPT,P3,"Select each built-in body, join late and die; desktop animal arms/posture and ordinary animation remain correct.",source mapped; integration/acceptance pending
AV-004,Avatars and tracking,Custom package identity/digest negotiation and safe mismatch fallback,MAIN,Quake/player_avatar.c;Quake/custom_avatar.c,MAIN:Quake/player_avatar.c:311 (PlayerAvatar_ParseCustomSlotCommand); MAIN:Quake/custom_avatar.c:732 (CustomAvatar_Resolve),Quake/player_avatar.c;Quake/custom_avatar.c;Quake/cl_parse.c;Quake/sv_main.c,REUSE,P2,"Same key/different digest, missing package, malicious paths and slot reuse cannot display wrong body or execute/download arbitrary content.",source mapped; integration/acceptance pending
AV-005,Avatars and tracking,"Custom MD5 manifests, skins/fullbrights, rig constraints and package search precedence",MAIN,Quake/custom_avatar.c;Quake/custom_avatar.c;player_models/README.md,MAIN:Quake/custom_avatar.c:421 (CA_ParseManifest); MAIN:Quake/custom_avatar.c:501 (CA_ReadPackage); MAIN:player_models/README.md:14 (Requirements and multiplayer),Quake/custom_avatar.c;donor model/texture loader,ADAPT,P3,Valid package loads once under donor resource ownership; malformed meshes/textures/bones/paths hit existing bounds and native fallback.,source mapped; integration/acceptance pending
AV-006,Avatars and tracking,QBJ3 cosmetic replacement and attached native player equipment,MAIN,docs/qbj3-avatars.md;Quake/r_alias.c,MAIN:docs/qbj3-avatars.md:31 (equipment); MAIN:Quake/r_alias.c:4314 (equipment),Quake/r_avatar.c;Quake/r_alias.c;Quake/gl_model.c,ADAPT,P1,Same asset on two players has distinct tracked pose and equipment; identity changes preserve native mod weapon/action presentation.,source mapped; integration/acceptance pending
AV-007,Avatars and tracking,Live rig inputs and per-entity animated shadow geometry,MAIN,Quake/gl_model.c;Quake/r_vrik.c,MAIN:Quake/gl_model.c:43 (MD5); MAIN:Quake/r_vrik.c:1 (VRIK),Quake/gl_model.c;Quake/gl_mesh.c;Quake/r_alias.c,DONOR-ADAPT,P1,Moving independent tracked instances and attached props cast shadows matching raster pose; cache relocation and resource retirement do not invalidate rig references.,source mapped; integration/acceptance pending
AV-008,Avatars and tracking,Opt-in calibrated fixed-length humanoid retargeting,MAIN,docs/humanoid-retargeting.md;Quake/r_vrik.c,MAIN:docs/humanoid-retargeting.md:26 (Implemented); MAIN:Quake/r_vrik.c:249 (retarget),Quake/r_vrik.c;donor retained rig data,ADAPT,P3,"Preserve limb proportions, calibration, bounded unreachable-target behavior and corpse fallback on supported complete custom humanoids.",source mapped; integration/acceptance pending
AV-009,Avatars and tracking,Alicia direct-VRM/MD5 comparison experiments and bounded remaining retarget work,MAIN,Quake/r_alicia_spike.c;docs/humanoid-retargeting.md,MAIN:Quake/r_alicia_spike.c:12 (r_alicia_direct); MAIN:docs/humanoid-retargeting.md:109 (Remaining work),Existing avatar experiment or private comparison target,PRESERVE-EXPERIMENT,P3,"Keep source/provenance and opt-in status; no claim of complete feet contacts, torso/FBT solver, fingers or general VRM release support.",source mapped; integration/acceptance pending
FBT-001,Avatars and tracking,"Persistent tracker identities, role assignment and duplicate/ephemeral identity handling",MAIN,Quake/vr_fbt.c;Quake/vr_fbt.c,MAIN:Quake/vr_fbt.c:212 (VR_FBT_Reconcile); MAIN:Quake/vr_fbt.c:362 (VR_FBT_AssignCandidate),Quake/vr_fbt.c;Quake/vr.c;Quake/vr_openxr.cpp,ADAPT,P3,Reconnect/reorder trackers without role swaps; ambiguity is surfaced rather than bound to the wrong body part.,source mapped; integration/acceptance pending
FBT-002,Avatars and tracking,"Tracker prediction/filtering, sample aging and loss recovery",MAIN,Quake/vr_fbt_filter.c;Quake/vr.c,MAIN:Quake/vr_fbt_filter.c:1 (VR_FBT); MAIN:Quake/vr.c:659 (VR_FBT_AgeCachedTargets),Quake/vr_fbt_filter.c;Quake/vr.c,REUSE,P3,Stale/invalid samples age out; bounded prediction does not replay motion after a discontinuity.,source mapped; integration/acceptance pending
FBT-003,Avatars and tracking,Calibration begin/capture/accept/cancel and visible targets,MAIN,Quake/vr.c;Quake/vr.c;Quake/vr_fbt_visual.c,MAIN:Quake/vr.c:2522 (VR_FBT_CalibrateBegin_f); MAIN:Quake/vr.c:2571 (VR_FBT_CalibrateAccept_f); MAIN:Quake/vr_fbt_visual.c:9 (VR_FBT),Quake/vr_fbt*.c;Quake/vr_menu.c;donor UI drawing,ADAPT,P3,Calibration requires usable reference and bindings; cancel leaves prior profile intact; visuals agree in both eyes.,source mapped; integration/acceptance pending
FBT-004,Avatars and tracking,"Persistent named profiles, strict storage, selection/save/reset and menu role cycling",MAIN,Quake/vr_fbt_storage.c;Quake/vr_fbt_profile.c;Quake/vr_menu.c,MAIN:Quake/vr_fbt_storage.c:2 (VR_FBT); MAIN:Quake/vr_fbt_profile.c:1 (VR_FBT); MAIN:Quake/vr_menu.c:206 (VR_MenuCycleFBTRole),Quake/vr_fbt*.c;Quake/vr_menu.c,REUSE,P3,Save/reload named profiles across sessions; malformed profile and missing serial never silently reassign roles.,source mapped; integration/acceptance pending
FBT-005,Avatars and tracking,Optional tracker-less operation and independently negotiated lower-body pose relay,MAIN,Quake/vr.c;Quake/vrik_codec.h;tests/vrik_lowerbody_fixture.c,MAIN:Quake/vr.c:1958 (vr_fbt_enabled); MAIN:Quake/vrik_codec.h:2 (VRIK); MAIN:tests/vrik_lowerbody_fixture.c:412 (main),Quake/vr.c;Quake/vrik_codec.c;Quake/r_vrik.c,ADAPT,P3,Normal HMD/controller VR works without trackers; remote lower body activates only with valid negotiated inputs.,source mapped; integration/acceptance pending
MOD-001,QuakeC and mod compatibility,"SSQC/CSQC builtin registry, numeric slots, capability queries and VM separation",MAIN,Quake/pr_cmds.c;Quake/pr_cmds.c;Quake/progs.h,MAIN:Quake/pr_cmds.c:2744 (pr_builtindefs); MAIN:Quake/pr_cmds.c:2649 (PF_ExtensionSupported); MAIN:Quake/progs.h:196 (qcvm),Quake/pr_cmds.c;Quake/pr_ext.c;Quake/progs.h,ADAPT,P2,Compare every registered name/slot/SSQC-CSQC permission; unsupported builtins fail honestly and do not alias unrelated functions.,partial: discovery and cvar/HUD adapters plus slot bindings and bounded capability queries/CSQC weather/line drawing source reviewed; remaining interfaces and final checks pending
MOD-002,QuakeC and mod compatibility,"CSQC HUD/view hooks, input events and once-per-frame ownership",MAIN,Quake/sbar.c;Quake/cl_main.c;Quake/host.c,MAIN:Quake/sbar.c:1292 (CSQC); MAIN:Quake/cl_main.c:2656 (CSQC_Input_Frame); MAIN:Quake/host.c:72 (cl_nocsqc),Quake/sbar.c;Quake/gl_screen.c;Quake/cl_input.c;existing QC VM,ADAPT,P1,"QBJ3/MG3 custom HUD, input and view callbacks run once per logical frame on coherent QC ownership while donor drawing tasks remain parallel.",source mapped; integration/acceptance pending
MOD-003,QuakeC and mod compatibility,"CSQC drawing/canvas, clipping, subpictures, alpha and texture padding",MAIN,Quake/pr_cmds.c;Quake/gl_draw.c,MAIN:Quake/pr_cmds.c:3800 (PF_cl_drawsubpic); MAIN:Quake/gl_draw.c:110 (GL_SetCanvas),Quake/pr_ext.c;Quake/gl_draw.c;donor draw contexts,ADAPT,P3,"Crop source rectangles, resize canvases and draw translucent HUD textures without edge bleed or per-eye layout differences.",partial: inherited drawline adapter source reviewed; full canvas/clipping/texture acceptance pending
MOD-004,QuakeC and mod compatibility,"QC strings, buffers, tokenization, formatting, files and search APIs",MAIN,Quake/pr_cmds.c;Quake/pr_cmds.c;Quake/pr_cmds.c,MAIN:Quake/pr_cmds.c:2678 (DP_QC_STRINGBUFFERS); MAIN:Quake/pr_cmds.c:2698 (FRIK_FILE); MAIN:Quake/pr_cmds.c:2674 (DP_QC_SEARCH),Existing donor QC builtins/filesystem,ADAPT,P2,"Preserve argument types, return/error contracts and file/search lifetime for each builtin listed in interface inventory.",partial: buffer-file/search adapters and alternate strconv source reviewed; remaining interfaces and final checks pending
MOD-005,QuakeC and mod compatibility,"QC entity reflection, surface queries, math and dynamic function calls",MAIN,Quake/pr_cmds.c;Quake/pr_cmds.c;Quake/pr_cmds.c,MAIN:Quake/pr_cmds.c:2662 (DP_QC_ENTITYDATA); MAIN:Quake/pr_cmds.c:2663 (DP_QC_GETSURFACE); MAIN:Quake/pr_cmds.c:2692 (FTE_CALLFUNCTION),Quake/pr_ext.c;Quake/gl_model.c;existing VM,ADAPT,P2,"Entity/field lifetimes, surface indices and callback self/other remain valid across model changes and entity removal.",source mapped; integration/acceptance pending
MOD-006,QuakeC and mod compatibility,"Rerelease low-number builtins, EXFlags, localization and formatting",MAIN,Quake/pr_cmds.c;Quake/common.c;Quake/host.c,MAIN:Quake/pr_cmds.c:2612 (CheckPlayerEXFlags); MAIN:Quake/common.c:1665 (localization); MAIN:Quake/host.c:112 (campaign),Quake/pr_ext.c;Quake/common.c;Quake/cl_parse.c,ADAPT,P2,"Rogue rerelease messages and supported campaigns use correct builtin slots, localization substitution, wrapping and fallback text.",partial: identified EX/localsound bindings and finale alias source reviewed; broader rerelease/localization checks pending
MOD-007,QuakeC and mod compatibility,Skyroom worldspawn/PVS/view support,MAIN,Quake/pr_edict.c;Quake/sv_main.c;Quake/gl_sky.c,MAIN:Quake/pr_edict.c:1099 (skyroom); MAIN:Quake/sv_main.c:175 (sv_skyroom_pvs); MAIN:Quake/gl_sky.c:61 (skyroom),Existing metadata/PVS groundwork,OUT-OF-SCOPE,,"No skyroom acceptance requirement for 2.0.",excluded from the 2.0 goal by user; server skyroom PVS remains opt-in
MOD-008,QuakeC and mod compatibility,"Modern model/entity alpha, draw flags, render effects and static entities",MAIN,Quake/r_alias.c;Quake/cl_parse.c,MAIN:Quake/r_alias.c:63 (alpha); MAIN:Quake/cl_parse.c:1237 (CLFTE_ReadDelta),Quake/cl_parse.c;Quake/r_alias.c;Quake/r_sprite.c;donor passes,ADAPT,P4,"Alpha, additive effects, skin/color, static and animated entities retain material behavior and correct per-eye sorting.",source mapped; integration/acceptance pending
MOD-009,QuakeC and mod compatibility,"FTE scripted particles, namespaces and effectinfo compatibility",MAIN,Quake/r_part_fte.c;Quake/pr_cmds.c,MAIN:Quake/r_part_fte.c:132 (PScript); MAIN:Quake/pr_cmds.c:2696 (FTE_PART_NAMESPACE_EFFECTINFO),Quake/r_part_fte.c;Quake/pr_ext.c;existing donor particle tasks,DONOR-ADAPT,P4,"AD/QBJ3 scripted effects preserve lookup/emission/trails; simulation advances once, then each eye renders its view.",source mapped; integration/acceptance pending
MOD-010,QuakeC and mod compatibility,"Rain/snow, trails, beams, temp entities and larger mod effects",MAIN,Quake/pr_cmds.c;Quake/pr_cmds.c;Quake/cl_tent.c,MAIN:Quake/pr_cmds.c:2687 (DP_TE_PARTICLERAIN); MAIN:Quake/pr_cmds.c:2688 (DP_TE_PARTICLESNOW); MAIN:Quake/cl_tent.c:45 (CL_ParseTEnt),Quake/r_part.c;Quake/r_part_fte.c;Quake/cl_tent.c,DONOR-ADAPT,P4,Dense weather/beams and custom trails remain visible and correctly timed without double emission in VR.,source mapped; integration/acceptance pending
MOD-011,QuakeC and mod compatibility,"Moving platforms, removed supports, ladders, custom physics and QC velocity retention",MAIN,Quake/sv_phys.c;Quake/sv_pmove_policy.h;Quake/pmove.c,MAIN:Quake/sv_phys.c:4276 (sv_gameplayfix_elevators); MAIN:Quake/sv_pmove_policy.h:7 (SV_); MAIN:Quake/pmove.c:1010 (ladder),Quake/sv_phys.c;Quake/world.c;Quake/pmove.c,ADAPT,P2,"Elevators, toss entities losing support, ladders and custom velocity/teleport callbacks retain reference motion in SP/co-op.",source mapped; integration/acceptance pending
MOD-012,QuakeC and mod compatibility,"Spawn-before-think, edict free-list restoration and native entity lifecycle fixes",MAIN,Quake/sv_phys.c;Quake/pr_edict.c,MAIN:Quake/sv_phys.c:70 (sv_gameplayfix_spawnbeforethinks); MAIN:Quake/pr_edict.c:236 (ED_Free),Quake/sv_phys.c;Quake/pr_edict.c;Quake/host_cmd.c,ADAPT,P2,"New/free/reused entities, saves and nested callbacks cannot inherit stale contact, prediction or progression state.",source mapped; integration/acceptance pending
MOD-013,QuakeC and mod compatibility,"Mod bindlist input actions, single-player console impulses and map/mod switching",MAIN,Quake/vr.c;Quake/menu.c;Quake/cl_input.c,MAIN:Quake/vr.c:152 (VR_MigrateModBindings_f); MAIN:Quake/menu.c:1540 (bindlist); MAIN:Quake/cl_input.c:75 (impulse),Quake/keys.c;Quake/menu.c;Quake/cl_input.c,ADAPT,P3,Mod-defined use/alternate actions and giveall remain usable; legitimate impulses are not lost during input/pacing changes.,source mapped; integration/acceptance pending
MOD-014,QuakeC and mod compatibility,Optional compatibility controls and debug entity/field overlays,MAIN,Quake/gl_rmain.c;Quake/pr_edict.c;Quake/menu.c,MAIN:Quake/gl_rmain.c:133 (r_showfields); MAIN:Quake/pr_edict.c:43 (nomonsters); MAIN:Quake/menu.c:1119 (scr_centerprintbg),Quake/menu.c;Quake/gl_rmain.c;Quake/pr_edict.c,DONOR-ADAPT,P3,Expose existing options without overriding mod policy; diagnostic overlays honor limits and work in readable stereo/desktop canvases.,source mapped; integration/acceptance pending
UI-001,Discovery and interface,Steam/rerelease zero-setup discovery and Unicode paths,MAIN,Quake/steam.c;Quake/common.c;Quake/sys_sdl_win.c,MAIN:Quake/steam.c:13 (Steam); MAIN:Quake/common.c:1671 (com_rerelease_localization_pack); MAIN:Quake/sys_sdl_win.c:83 (UTF),Quake/steam.c;Quake/common.c;Quake/pl_win.c;Quake/pl_linux.c,ADAPT,P3,Launch from Unicode path with classic or rerelease data; user/mod content wins over read-only rerelease fallback.,source mapped; integration/acceptance pending
UI-002,Discovery and interface,"Installed Mods browser, metadata, layout and launch controls",MAIN,Quake/menu.c;Quake/mod_browser_layout.h,MAIN:Quake/menu.c:62 (Mods); MAIN:Quake/mod_browser_layout.h:1 (Mod),Quake/menu.c;existing donor mod/level menus,ADAPT,P3,"Long mod names, installed/rerelease entries and launch/back controls work with mouse, controller and VR pointer.",source mapped; integration/acceptance pending
UI-003,Discovery and interface,"Downloadable add-on catalogue, installed state and validated install paths",MAIN,Quake/addon_catalog.c;Quake/addon_catalog.h,MAIN:Quake/addon_catalog.c:8 (Addon); MAIN:Quake/addon_catalog.h:6 (Addon),Quake/addon_catalog.c;Quake/menu.c;existing filesystem,REUSE,P3,"Install/cancel/retry mod from catalog; preserve archive/path validation, progress and installed-state updates.",source mapped; integration/acceptance pending
UI-004,Discovery and interface,"Missing-server-mod install, game switch and automatic reconnect",MAIN,Quake/cl_main.c;Quake/cl_parse.c,MAIN:Quake/cl_main.c:266 (CL_ServerModDownload); MAIN:Quake/cl_parse.c:771 (CL_MaybeSwitchServerGame),Quake/cl_main.c;Quake/cl_parse.c;Quake/addon_catalog.c,REUSE,P2,"Download required mod, resume intended connection, handle cancellation and failed installs without reconnect loops.",source mapped; integration/acceptance pending
UI-005,Discovery and interface,"Desktop UI autoscale, pointer sliders, menu scaling and localized centerprint wrapping",MAIN,Quake/menu.c;Quake/gl_screen.c;Quake/common.c,MAIN:Quake/menu.c:998 (scale); MAIN:Quake/gl_screen.c:37 (centerprint); MAIN:Quake/common.c:1665 (localization),Quake/menu.c;Quake/gl_screen.c;Quake/gl_draw.c,ADAPT,P3,Fresh/copied configs at multiple resolutions produce readable desktop UI and independently scaled VR canvases.,source mapped; integration/acceptance pending
UI-006,Discovery and interface,"Branding, config/default migration, versioning and stable runtime identifiers",MAIN,README.md;Quake/default_cfg.h;Quake/vr.c,MAIN:README.md:1 (Quakespasm VR); MAIN:Quake/default_cfg.h:4 (bind); MAIN:Quake/vr.c:2697 (VR_MigrateHudDefaults_f),Existing version/config/package owners,ADAPT,P3,Copied settings retain user choices; executable/config/save discovery and advertised product identity follow an explicit compatibility plan.,source mapped; integration/acceptance pending
AUDIO-001,Voice and sound,Optional Opus spatial voice transport and gameplay-first budgets,MAIN,Quake/voice.c;Quake/voice_protocol.h;Quake/sv_main.c,MAIN:Quake/voice.c:13 (Voice_); MAIN:Quake/voice_protocol.h:11 (VOICE); MAIN:Quake/sv_main.c:135 (sv_voice),Quake/voice.c;Quake/sv_main.c;Quake/cl_parse.c,ADAPT,P3,"Multiple talkers, loss, mute, rate limits and reconnect preserve voice while movement remains responsive.",source mapped; integration/acceptance pending
AUDIO-002,Voice and sound,"VR default-on transmission with saved opt-out; desktop consent, VAD/PTT and persistent settings",MAIN,Quake/voice_settings.c;Quake/voice.c,MAIN:Quake/voice_settings.c:1 (Voice); MAIN:Quake/voice.c:50 (voice_transmit); MAIN:Quake/voice.c:53 (voice_mode); later user scope decision,Quake/voice_settings.c;Quake/voice.c;Quake/menu.c,ADAPT,P3,Fresh VR transmits during a negotiated multiplayer session; saved opt-out stays off; desktop and self-reverb permissions remain separate; mode changes reset capture and pending input.,VR default-on and menu opt-out implemented; Astra source-reviewed; end-of-goal verification deferred
AUDIO-003,Voice and sound,System-default microphone with optional exact device selection and retry,MAIN,Quake/vr.c;Quake/voice.c,MAIN:Quake/vr.c:573 (VR_GetHeadsetMicrophoneName); MAIN:Quake/voice.c:54 (voice_input_device); later user scope supersedes headset matching,Quake/voice.c;existing SDL capture boundary,ADAPT,P3,SDL default recording device opens without headset aliases; explicit missing or ambiguous names stay inactive.,SDL default-device adapter implemented; Astra source-reviewed; end-of-goal verification deferred
AUDIO-004,Voice and sound,"Jitter buffering, source generations, local mute and per-player levels",MAIN,Quake/voice_jitter.c;Quake/voice.c;Quake/voice.c,MAIN:Quake/voice_jitter.c:21 (Voice); MAIN:Quake/voice.c:236 (voice_player_volume); MAIN:Quake/voice.c:218 (voice_mute),Quake/voice_jitter.c;Quake/voice.c,REUSE,P3,"Reordered/lost audio remains bounded; reused player slots do not inherit stale speech, gain or mute identity incorrectly.",source mapped; integration/acceptance pending
AUDIO-005,Voice and sound,Mic meter and active-speaker HUD in VR and desktop,MAIN,Quake/voice.c;Quake/sbar.c,MAIN:Quake/voice.c:61 (voice_hud); MAIN:Quake/sbar.c:25 (Voice),Quake/voice.c;Quake/sbar.c;donor UI draw contexts,ADAPT,P3,"Meter is visible when configured, distinguishes permission/transmission and never renders twice per logical-frame update.",source mapped; integration/acceptance pending
AUDIO-006,Voice and sound,Steam Audio HRTF for voices/game sounds and legacy fallback,MAIN,Quake/snd_steamaudio.c;Quake/snd_spatial.c;SPATIAL_AUDIO.md,MAIN:Quake/snd_steamaudio.c:15 (IPL); MAIN:Quake/snd_spatial.c:11 (snd_hrtf); MAIN:SPATIAL_AUDIO.md:93 (-sndlegacy),Quake/snd_spatial.c;Quake/snd_steamaudio.c;donor sound mixer,ADAPT,P3,Front/back/elevation and head rotation track correctly; legacy/no-SDK path still plays all supported audio.,source mapped; integration/acceptance pending
AUDIO-007,Voice and sound,"Weapon sound placement, positional-only mode and distance-to-radio blend",MAIN,Quake/snd_spatial.c;Quake/voice.c;Quake/voice.c,MAIN:Quake/snd_spatial.c:12 (snd_spatial_weapons); MAIN:Quake/voice.c:60 (voice_positional_only); MAIN:Quake/voice.c:59 (voice_spatial_distance),Existing spatial snapshot/mixer owners,REUSE,P3,Local weapon sound follows calibrated hand; distant talkers transition according to settings without losing stereo head orientation.,source mapped; integration/acceptance pending
AUDIO-008,Voice and sound,Radio coloration/compression/drive and smoothed static-world occlusion,MAIN,Quake/snd_spatial.c;Quake/snd_spatial.c,MAIN:Quake/snd_spatial.c:16 (voice_radio_filter); MAIN:Quake/snd_spatial.c:19 (snd_occlusion),Quake/snd_spatial.c;Quake/snd_steamaudio.c,REUSE,P3,Occlusion transitions do not click; radio DSP respects optional controls and preserves intelligibility.,source mapped; integration/acceptance pending
AUDIO-009,Voice and sound,Off-thread room acoustics and environmental/game/voice reverb,MAIN,Quake/snd_room.c;Quake/snd_spatial.c;Quake/snd_spatial.c,MAIN:Quake/snd_room.c:3 (Room); MAIN:Quake/snd_spatial.c:21 (snd_reverb_mode); MAIN:Quake/snd_spatial.c:24 (voice_reverb),Quake/snd_room.c;Quake/snd_spatial.c;existing audio worker,ADAPT,P3,Large room changes and map teardown keep coherent snapshots and bounded callback work; no second game/render task owner.,source mapped; integration/acceptance pending
AUDIO-010,Voice and sound,Opt-in wet-only local microphone reflections independent of transmission,MAIN,Quake/voice.c;SPATIAL_AUDIO.md,MAIN:Quake/voice.c:51 (voice_self_reverb); MAIN:SPATIAL_AUDIO.md:234 (Local microphone reflections),Quake/voice.c;Quake/voice_settings.c;Quake/snd_spatial.c,REUSE,P3,Separate local consent enables wet reflections without transmitting or introducing dry sidetone; disable closes the intended capture path.,source mapped; integration/acceptance pending
AUDIO-011,Voice and sound,"Music/codec support, volume defaults, underwater and ambient sound behavior",MAIN,Quake/bgmusic.c;Quake/snd_codec.c;Quake/snd_dma.c,MAIN:Quake/bgmusic.c:28 (BGM); MAIN:Quake/snd_codec.c:46 (S_Codec); MAIN:Quake/snd_dma.c:75 (volume),Existing donor music/codec/mixer owners,ADAPT,P3,Mission-pack/mod music and supported codec formats play; sample rate/device change and copied volume settings remain correct.,source mapped; integration/acceptance pending
XR-001,OpenXR and stereo goals,Vulkan-compatible runtime discovery and renderer-owned instance/device selection,XR,Quake/vr_openxr.cpp;Quake/vr_openxr.cpp;Quake/vr_openxr.cpp,XR:Quake/vr_openxr.cpp:1425 (VRXR_PrepareVulkan); XR:Quake/vr_openxr.cpp:1441 (VRXR_CreateVulkanInstance); XR:Quake/vr_openxr.cpp:1467 (VRXR_CreateVulkanDevice),Imported Quake/vr_openxr.cpp;Quake/gl_vidsdl.c,PARTIAL-SOURCE,P1,Explicit OpenXR selects runtime-compatible GPU; desktop starts without runtime; abandoned setup destroys owned handles in correct order.,donor graphics bootstrap implemented and Linux-build checked; session/runtime acceptance pending
XR-002,OpenXR and stereo goals,"Session/frame action state, focus/stop/loss and image acquire/wait/release/retirement",XR,Quake/vr_openxr.cpp;Quake/vr_openxr.cpp;Quake/vr_openxr_vulkan.h,XR:Quake/vr_openxr.cpp:1289 (VRXR_BeginFrame); XR:Quake/vr_openxr.cpp:1043 (destroy_session_resources); XR:Quake/vr_openxr_vulkan.h:22 (retire_images),Imported backend;existing donor task/queue owners,PARTIAL-SOURCE,P1,Wait for actual submission before release; queue mutex covers XR access; healthy disable/reenable differs from terminal loss and user EXITING.,source mapped; integration/acceptance pending
XR-003,OpenXR and stereo goals,"OpenXR controller profiles, haptics and Steam Frame bindings",XR,Quake/vr_openxr.cpp;Quake/vr_openxr.cpp,XR:Quake/vr_openxr.cpp:1184 (XR_VALVE_frame_controller_interaction); XR:Quake/vr_openxr.cpp:1355 (VRXR_Haptic),Quake/vr_openxr.cpp;shared VR input logic,PARTIAL-SOURCE,P3,Simple/Touch/Index/Vive/Frame profiles retain gameplay actions with missing optional profile handled gracefully.,source mapped; integration/acceptance pending
XR-004,OpenXR and stereo goals,"Optional eye-gaze action, capability checks, freshness and user menu toggle",XR,Quake/vr_openxr.cpp;Quake/vr.c;Quake/vr_foveation_math.h,XR:Quake/vr_openxr.cpp:1369 (VRXR_SetGazeEnabled); XR:Quake/vr.c:355 (vr_eye_tracking); XR:Quake/vr_foveation_math.h:1 (vr),Quake/vr_openxr.cpp;shared VR options/policy,ADAPT,P4,Fresh configurations request eye tracking; unavailable/invalid/stale gaze gives full quality and never blocks HMD/controller VR; user toggle remains authoritative.,source mapped; integration/acceptance pending
XR-005,OpenXR and stereo goals,Portable eye-driven shading-rate foveation and protected-content policy,XR,Quake/vr_foveation_portable.cpp;Quake/vr_foveation_portable_math.h,XR:Quake/vr_foveation_portable.cpp:8 (VR_); XR:Quake/vr_foveation_portable_math.h:1 (vr),Existing donor Vulkan passes and reused gaze policy,GOAL,P4,"Supported shading-rate path keeps full-eye geometry, readable UI/weapons and no stale-gaze artifact; the user measures GPU impact later.",source mapped; integration/acceptance pending
XR-006,OpenXR and stereo goals,"Runtime density maps/eye profiles, image flags, offsets and fine-depth protection",XR,Quake/vr_openxr.cpp;docs/vulkan-runtime-foveation.md,XR:Quake/vr_openxr.cpp:1553 (VRXR_UpdateVulkanFoveation); XR:docs/vulkan-runtime-foveation.md:1 (foveation),Quake/vr_openxr.cpp;donor attachment/pass owners,GOAL,P4,"Negotiate actual runtime/GPU support; preserve depth/occlusion/protected content; safe full-quality result on failure, never fixed fallback.",source mapped; integration/acceptance pending
XR-007,OpenXR and stereo goals,"Explicit fixed foveation option, never default and never fallback",XR,Quake/vr_openxr.cpp;docs/openxr-development.md,XR:Quake/vr_openxr.cpp:1553 (VRXR_UpdateVulkanFoveation); XR:docs/openxr-development.md:29 (foveation),Shared VR options;existing foveation policy,GOAL,P4,"Fresh/copied configs, unsupported gaze, runtime loss and toggling eye mode never enable fixed unless explicitly selected.",source mapped; integration/acceptance pending
XR-008,OpenXR and stereo goals,"Generic OpenXR trackers, HTCX persistent roles and Monado xdev preview",XR,Quake/vr_openxr.cpp;Quake/vr_openxr.cpp,XR:Quake/vr_openxr.cpp:1183 (XR_MNDX_XDEV_SPACE_EXTENSION_NAME); XR:Quake/vr_openxr.cpp:1181 (XR_HTCX_VIVE_TRACKER_INTERACTION_EXTENSION_NAME),Quake/vr_openxr.cpp;existing FBT manager,PARTIAL-SOURCE,P3,Optional extension absence/revision mismatch disables only that tracker source; persistent roles and sample loss remain correct.,source mapped; integration/acceptance pending
XR-009,OpenXR and stereo goals,"Shared VR canvases, wheel/model/label adapters and calibration visuals",XR,Quake/vr_menu_anchor.h;docs/vr-menus.md;Quake/vr.c,XR:Quake/vr_menu_anchor.h:1 (VR_); XR:docs/vr-menus.md:1 (menu); XR:Quake/vr.c:15 (VR_Menu),Quake/gl_draw.c;existing VR layout and donor draw contexts,ADAPT,P3,Desktop and both-eye pointer hit tests use same prepared layout; no separate Vulkan menu state machine.,source mapped; integration/acceptance pending
XR-010,OpenXR and stereo goals,Shared stereo scene preparation and conservative two-eye visibility,XR,Quake/gl_rmain.c;docs/vulkan-stereo-preparation-review.md;docs/vulkan-stereo-scene-review.md,XR:Quake/gl_rmain.c:179 (R_Prepare); XR:docs/vulkan-stereo-preparation-review.md:1 (stereo); XR:docs/vulkan-stereo-scene-review.md:1 (stereo),Quake/gl_rmain.c;Quake/r_world.c;donor task/pass/camera data,GOAL,P1,"PVS water boundaries, moving brushes, avatars and transparent objects remain visible to either eye; simulation/lighting/particles update once.",source mapped; integration/acceptance pending
XR-011,OpenXR and stereo goals,Single-pass opaque world/models and per-eye transparency/UI exceptions,XR,docs/vulkan-multiview-review.md;docs/vulkan-stereo-scene-review.md,XR:docs/vulkan-multiview-review.md:19 (multiview); XR:docs/vulkan-stereo-scene-review.md:1 (stereo),Existing donor shaders/passes/material eligibility,GOAL,P1 proof / P4 completion,P1 proves representative task-enabled opaque multiview; P4 completes eligible passes. Distinct eye layers share valid work; transparency/UI exceptions preserve sorting.,source mapped; integration/acceptance pending
XR-012,OpenXR and stereo goals,Pipeline caching/warmup and camera descriptor reuse,XR,Quake/vk_renderer.cpp;docs/renderer-performance-priorities.md,XR:Quake/vk_renderer.cpp:2 (pipeline); XR:docs/renderer-performance-priorities.md:33 (pipeline),Donor pipeline cache/descriptor/frame owners,DONOR-ADAPT,P4,Avoid duplicate cache systems; cache keys include formats/sample counts/view masks; compare cold/warm frame-time spikes.,source mapped; integration/acceptance pending
PLAT-001,Platforms and delivery,"Windows native, Linux x86-64 and Linux ARM64 desktop/OpenXR clients; inherited OpenVR qualification",MAIN,README.md;README.md,MAIN:README.md:30 (Windows); MAIN:README.md:30 (Linux),Meson;native Visual Studio;platform packaging,GOAL,P5,"All three full desktop/OpenXR clients retain menus, catalogue and voice. Qualify inherited OpenVR Vulkan presentation on Windows/Linux x86-64 with available runtimes; ARM OpenVR availability remains unresolved, not assumed. Dedicated-only ARM is insufficient.",source mapped; integration/acceptance pending
PLAT-002,Platforms and delivery,Steam Frame streaming/standalone and Beyond 2e Linux/Monado qualification,XR,docs/openxr-port-plan.md;docs/openxr-development.md,XR:docs/openxr-port-plan.md:22 (Steam); XR:docs/openxr-development.md:77 (Monado),Same shared engine/runtime interfaces and native ARM client,GOAL,P5,Test PC streaming and standalone separately; eye provider setup remains optional/later; no headset-name-based capability assumptions.,source mapped; integration/acceptance pending
PLAT-003,Platforms and delivery,"Linux GLIBC ceiling, loader discovery, native Windows build and runtime dependencies",MAIN,README.md,MAIN:README.md:27 (Building from source),Existing compatible Linux/native Windows builders adapted to donor,ADAPT,P5,Linux binaries and bundled libraries meet GLIBC 2.39; native Windows imports and packaged loader resolution succeed on clean installations.,source mapped; integration/acceptance pending
PLAT-004,Platforms and delivery,Steam Audio 4.8.1 Linux/Windows release integration and license route,MAIN,SPATIAL_AUDIO.md;LICENSE-GPL-3.0.txt,MAIN:SPATIAL_AUDIO.md:5 (4.8.1); MAIN:LICENSE-GPL-3.0.txt:1 (GNU GENERAL PUBLIC LICENSE),Existing builders and package manifest owners,ADAPT,P5,Bundle matching native phonon libraries and notices with GPLv3 distribution terms; native ARM client SDK requirement is explicit.,source mapped; integration/acceptance pending
PLAT-005,Platforms and delivery,"Canonical pak, defaults, runtime assets and stable three-platform package layout",MAIN,Quake/default_cfg.h;README.md,MAIN:Quake/default_cfg.h:4 (bind); MAIN:README.md:56 (quakespasm.pak),Donor embedded pak/build plus migrated product assets,ADAPT,P5,Clean install finds menus/bindings/assets with no game data bundled; all three packages have correct architecture/dependencies/notices.,source mapped; integration/acceptance pending
PLAT-006,Platforms and delivery,"Private deployment/build tools, diagnostics and saved-state operations remain private",MAIN,docs/server.md,MAIN:docs/server.md:1 (Server settings),Existing local tooling and documented adaptation points,LOCAL-ONLY,P5,"Do not copy ignored tools, private paths, logs or save/game assets into public tree; deployment is a separate explicitly requested operation.",source mapped; integration/acceptance pending
PLAT-007,Platforms and delivery,Inherited/new regression fixtures and behavior reference preservation,MAIN,tests/vrik_codec_fixture.c;tests/avatar_protocol_fixture.c;tests/voice_settings_fixture.c,MAIN:tests/vrik_codec_fixture.c:434 (main); MAIN:tests/avatar_protocol_fixture.c:15 (main); MAIN:tests/voice_settings_fixture.c:14 (main),Existing source fixtures adapted to narrow donor boundaries,ADAPT,P5,Run accumulated relevant fixtures and end-to-end cases after integration; fixture success alone never qualifies headset behavior or full parity.,source mapped; integration/acceptance pending
PLAT-008,Platforms and delivery,Archived uncommitted movement/avatar/lighting work and divergent-branch reconciliation,XR,docs/vulkan-lighting-integration.md;docs/vr-gorilla.md,XR:docs/vulkan-lighting-integration.md:3 (lightmap); XR:docs/vr-gorilla.md:1 (Gorilla),Original subsystem owners; preserved snapshot and newest main fixes,RECONCILE,P0,Classify archived edits against later committed fixes; do not restore stale/broken lighting history or overwrite newer teleport/freeze behavior.,source mapped; integration/acceptance pending
PERF-F001,Fork performance preservation,"Existing renderer statistics, per-eye GPU timing, capability/fallback diagnostics",MAIN,Quake/r_gputimer.c;Quake/gl_rmain.c;Quake/vr.c,MAIN:Quake/r_gputimer.c:6 (R_); MAIN:Quake/gl_rmain.c:95 (r_perfdebug); MAIN:Quake/vr.c:304 (VR_PerfActive),Existing donor renderer statistics/timestamp/query owners,DONOR-ADAPT,P4,Counters/time reports identify actual stage and per-eye/shared work; query/readback failures never become silent missing geometry.,source mapped; integration/acceptance pending
PERF-F002,Fork performance preservation,OpenXR-branch compact BSP plane references and geometry preparation changes,XR,Quake/gl_model.c;Quake/gl_model.h;docs/donor-feature-audit.md,XR:Quake/gl_model.c:806 (plane); XR:Quake/gl_model.h:71 (plane); XR:docs/donor-feature-audit.md:26 (plane),Donor BSP/model layout and surface-preparation jobs,DONOR-ADAPT,P4,Reconcile validated plane-index assumptions and parallel geometry with donor representation without duplicate structures; retain memory diagnostics for the user's later measurement.,source mapped; integration/acceptance pending
PERF-F003,Fork performance preservation,"Donor optional animated/ray-query shadows, moving receivers and custom-avatar compatibility",DONOR,Quake/gl_rmain.c;Quake/r_brush.c,DONOR:Quake/gl_rmain.c:682 (ray); DONOR:Quake/r_brush.c:3587 (R_UpdateLightmapsAndIndirect),Existing donor lighting/acceleration-structure owners,DONOR-ADAPT,P4,Optional shadow effects retain moving brush and per-entity avatar pose consistency; both-eye culling covers casters/receivers and diagnostics support the user's later cost measurement.,source mapped; integration/acceptance pending
NET-001,network,"NQ15/Fitz666/RMQ999 selection, extension intersection, per-peer limits: Q `sv_main:SV_Protocol_f/SV_SendServerinfo`. F deliberately fixes RMQ and bypasses negotiation.",see report legend,migration-network-map.md,"NQ15/Fitz666/RMQ999 selection, extension intersection, per-peer limits: Q `sv_main:SV_Protocol_f/SV_SendServerinfo`. F deliberately fixes RMQ and bypasses negotiation.; donor: `sv_main:1045,1437` retains selectable protocols and `cmd pext`.",`protocol/sv_main/cl_parse`,A,P2,One desktop vkQuake and one OpenXR VR client simultaneously move/fire/observe each other through map change and reconnect on one server; each retains its per-peer framing and desktop needs no XR runtime.,source mapped; mixed-client acceptance pending
NET-002,network,"Private mandatory extensions: F `protocol:53–72`, `cl_parse:701`, `sv_main:1439`. **0x80 means EXPLICITCMDMSEC in F, INFOBLOBS in Q**; private svc57 also collides with DP entities.",see report legend,migration-network-map.md,"Private mandatory extensions: F `protocol:53–72`, `cl_parse:701`, `sv_main:1439`. **0x80 means EXPLICITCMDMSEC in F, INFOBLOBS in Q**; private svc57 also collides with DP entities.; donor: `protocol:50–57` advertises replacement/PREDINFO only.",protocol negotiation/dispatch,A,P2,A public QSS peer cannot accidentally enter private move/ACK decoding.,source mapped; integration/acceptance pending
NET-003,network,"Replacement deltas: baseline resets, removals, extended entity numbers, changed fields, visibility/customization and resend history. Q/F `SVFTE_CalcEntityDeltas`, `CLFTE_ReadDelta`.",see report legend,migration-network-map.md,"Replacement deltas: baseline resets, removals, extended entity numbers, changed fields, visibility/customization and resend history. Q/F `SVFTE_CalcEntityDeltas`, `CLFTE_ReadDelta`.; donor: Same named implementations in `sv_main/cl_parse`.",`sv_main/cl_parse`,D,P2,"Entity disappearance, reappearance and lost reset recover correctly.",source mapped; integration/acceptance pending
NET-004,network,"Split snapshots with transport-sequence ACKs and stat/entity retransmission. F additionally repeats a self-contained owner and movement state, preserves contiguous ACKs and bounds packet progress: `sv_main:2795,4191`; `cl_parse:1610`.",see report legend,migration-network-map.md,"Split snapshots with transport-sequence ACKs and stat/entity retransmission. F additionally repeats a self-contained owner and movement state, preserves contiguous ACKs and bounds packet progress: `sv_main:2795,4191`; `cl_parse:1610`.; donor: `SVFTE_WriteEntitiesToClient`, `SVFTE_Ack` provide baseline machinery, not F’s owner guarantee.",snapshot writer/parser,A,P2,Losing one split packet does not orphan player state or stall pending entities.,source mapped; integration/acceptance pending
NET-005,network,"RMQ coordinate/angle precision and richer solid encodings for prediction. Q `cl_parse:459`; F `cl_parse:1376`, `MSGFTE_WriteEntityUpdate`.",see report legend,migration-network-map.md,"RMQ coordinate/angle precision and richer solid encodings for prediction. Q `cl_parse:459`; F `cl_parse:1376`, `MSGFTE_WriteEntityUpdate`.; donor: RMQ packing exists; `CLFTE_ReadDelta` lacks NEWSIZEENCODING branching.",`protocol/common/sv_main/cl_parse`,A,P2,Float coordinates and BSP/hull/custom bounding boxes decode symmetrically.,source mapped; integration/acceptance pending
NET-006,network,"Byte/int/float/string stats, PREDINFO clientdata replacement, velocity/ground state and movement-variable stats. Q `SV_CalcStats`, `pr_ext:PMSV_SetMoveStats`; F `sv_main:2670`, `pmove:2580+`.",see report legend,migration-network-map.md,"Byte/int/float/string stats, PREDINFO clientdata replacement, velocity/ground state and movement-variable stats. Q `SV_CalcStats`, `pr_ext:PMSV_SetMoveStats`; F `sv_main:2670`, `pmove:2580+`.; donor: `SVFTE_WriteStats` exists; movement-stat producer/consumer absent.",`sv_main/cl_parse/pmove`,A,P2,Changed gravity/speed reaches prediction; lost stats resend.,source mapped; integration/acceptance pending
NET-007,network,"Staged signon, dynamic precaches, extended baselines/statics and loading keepalives. Q/F `SV_SendPrespawn*`; F `SV_SendServerinfo` stages sounds.",see report legend,migration-network-map.md,"Staged signon, dynamic precaches, extended baselines/statics and loading keepalives. Q/F `SV_SendPrespawn*`; F `SV_SendServerinfo` stages sounds.; donor: `SV_SendPrespawn*`, `CL_ParsePrecache`, `CL_KeepaliveMessage`.",`sv_main/cl_parse`,A,P2,Large precache lists complete signon without packet overflow.,source mapped; integration/acceptance pending
NET-008,network,"Concrete parser gaps: F lacks `svcfte_setangledelta` and `svcfte_cgamepacket` dispatch; its `UF_DRAWFLAGS` omits conditional absolute-light byte. Q `cl_parse:524,4442,4807`.",see report legend,migration-network-map.md,"Concrete parser gaps: F lacks `svcfte_setangledelta` and `svcfte_cgamepacket` dispatch; its `UF_DRAWFLAGS` omits conditional absolute-light byte. Q `cl_parse:524,4442,4807`.; donor: Correct byte consumption/dispatch at `cl_parse:370,1912,2191`.","`cl_parse`, existing QC event interface",G/D,P2,Each message followed by another opcode remains aligned; angle correction respects VR handling.,source mapped; integration/acceptance pending
NET-009,network,"CSQC entity create/update/remove, `SendEntity/SendFlags`, ACK resend and `enablecsqc` lifecycle. Q `sv_main:1093`; F `sv_main:2957`, `cl_parse:961`, `host_cmd:2386`.",see report legend,migration-network-map.md,"CSQC entity create/update/remove, `SendEntity/SendFlags`, ACK resend and `enablecsqc` lifecycle. Q `sv_main:1093`; F `sv_main:2957`, `cl_parse:961`, `host_cmd:2386`.; donor: PEXT1_CSQC declaration and event support do not supply this entity transport.","`sv_main/cl_parse`, QC hooks",R,P2,Lost custom-entity update/removal recovers; enabling CSQC resends state.,source mapped; integration/acceptance pending
NET-010,network,"Sequenced commands, wrap handling, duplicate rejection, first-two suppression. F adds current-plus-two-prior commands and 24-record server queue: `cl_input:947`, `sv_user:1283,1461`. Q sends one command.",see report legend,migration-network-map.md,"Sequenced commands, wrap handling, duplicate rejection, first-two suppression. F adds current-plus-two-prior commands and 24-record server queue: `cl_input:947`, `sv_user:1283,1461`. Q sends one command.; donor: `CL_SendMove/SV_ReadClientMove` supply single-command sequence handling.",`cl_input/sv_user`,R,P2,Loss preserves brief fire/impulse; duplicates apply once across wrap.,source mapped; integration/acceptance pending
NET-011,network,"Explicit 1–125 ms duration, monotonic sampling/fractional carry; timestamp no longer donates lost time. F `cl_input:CL_SampleMoveMsec`, `sv_user:1177`. Q derives duration from clamped timestamps.",see report legend,migration-network-map.md,"Explicit 1–125 ms duration, monotonic sampling/fractional carry; timestamp no longer donates lost time. F `cl_input:CL_SampleMoveMsec`, `sv_user:1177`. Q derives duration from clamped timestamps.; donor: `SV_ReadClientMove` uses timestamp for ping, not command simulation.",`cl_input/sv_user`,R,P2,"Hitch, packet gap and clock correction cannot create movement catch-up.",source mapped; integration/acceptance pending
NET-012,network,"Render/input/network cadence separation. Q/F support negative `host_maxfps` pacing, accumulated input and one network pass; F retires `cl_netfps`.",see report legend,migration-network-map.md,"Render/input/network cadence separation. Q/F support negative `host_maxfps` pacing, accumulated input and one network pass; F retires `cl_netfps`.; donor: `host:1081` uses a catch-up loop; `host_phys_max_ticrate` and dedicated default differ.",`host/cl_main`,A,P2,Multiple render rates preserve intended command duration and dedicated/listen cadence.,source mapped; integration/acceptance pending
NET-013,network,"Real prediction: authoritative origin/velocity/solids, movement variables, command-history and pending-command replay. Q `cl_main:1225`; F `CL_SetupPlayerPrediction/CL_ReplayPlayerCommands`.",see report legend,migration-network-map.md,"Real prediction: authoritative origin/velocity/solids, movement variables, command-history and pending-command replay. Q `cl_main:1225`; F `CL_SetupPlayerPrediction/CL_ReplayPlayerCommands`.; donor: Scoped client/server code has no `PM_PlayerMove` or equivalent replay.",`cl_main/pmove`,R,P2,"Remote walking, stairs, water and collisions reconcile against server movement.",source mapped; integration/acceptance pending
NET-014,network,"ACK authority, prediction permission, mode/discontinuity epochs, error smoothing/quarantine. F `SV_WriteMoveAckPayloadToMessage`, `CL_ParseMoveAckPayload`, `CL_CheckPredictionError`.",see report legend,migration-network-map.md,"ACK authority, prediction permission, mode/discontinuity epochs, error smoothing/quarantine. F `SV_WriteMoveAckPayloadToMessage`, `CL_ParseMoveAckPayload`, `CL_CheckPredictionError`.; donor: Only sequence/PREDINFO ACK machinery.",`sv_main/cl_parse/cl_main`,R,P2,"Teleport, mode switch and repeated unexplained errors reset/restrict prediction coherently.",source mapped; integration/acceptance pending
NET-015,network,"Extended buttons, weapon/cursor inputs, QC input globals and typed CSEv requests. Q `sv_user:509,705`; F `CL_WriteUsercmd`, `SV_ReadQCRequest`, `pr_cmds:PR_GetSetInputs`. F uses private extbits, not Q’s long-button layout.",see report legend,migration-network-map.md,"Extended buttons, weapon/cursor inputs, QC input globals and typed CSEv requests. Q `sv_user:509,705`; F `CL_WriteUsercmd`, `SV_ReadQCRequest`, `pr_cmds:PR_GetSetInputs`. F uses private extbits, not Q’s long-button layout.; donor: Basic buttons; cursor flag declaration does not implement Q input transport.","`cl_input/sv_user`, QC registry",A,P2,Cursor/weapon and typed events reach correct QC arguments without disturbing following commands.,source mapped; integration/acceptance pending
NET-016,network,"NQ reliable fragmentation, ACK/EOM, retransmission, unreliable ordering and MSS changes between messages. Q/F/D `Datagram_SendMessage/ReSendMessage`.",see report legend,migration-network-map.md,"NQ reliable fragmentation, ACK/EOM, retransmission, unreliable ordering and MSS changes between messages. Q/F/D `Datagram_SendMessage/ReSendMessage`.; donor: Existing transport is reusable; F adds explicit length validation and MSS clamping.",`net_dgrm/net_main`,A,P2,Large reliable signon survives retransmits; malformed lengths are rejected.,source mapped; integration/acceptance pending
NET-017,network,"Shared listening sockets and NAT handling. Q callback receive; F adds queued demultiplexing, validated port remap, old-address suppression, stale-slot pruning and explicit timeout checks.",see report legend,migration-network-map.md,"Shared listening sockets and NAT handling. Q callback receive; F adds queued demultiplexing, validated port remap, old-address suppression, stale-slot pruning and explicit timeout checks.; donor: `Datagram_GetAnyMessage` supports shared sockets, fewer fork safeguards.",`net_dgrm/net_main/sv_user`,A,P2,Two clients behind one NAT remain distinct through remap/reconnect.,source mapped; integration/acceptance pending
NET-018,network,Loopback sequence identity and reliable/unreliable buffering/reset. F `net_loop:Loop_GetMessage/Loop_SendUnreliableMessage`.,see report legend,migration-network-map.md,Loopback sequence identity and reliable/unreliable buffering/reset. F `net_loop:Loop_GetMessage/Loop_SendUnreliableMessage`.; donor: Sequenced loopback plus larger `NET_LOOPBACKBUFFERS` storage.,`net_loop`,A,P2,Local signon/splits ACK correctly; reconnect clears sequence state.,source mapped; integration/acceptance pending
NET-019,network,"IPv4/IPv6 drivers, nonblocking sockets and address handling: Q `net_udp/net_wins`, driver tables. F retains older IPv4 interfaces.",see report legend,migration-network-map.md,"IPv4/IPv6 drivers, nonblocking sockets and address handling: Q `net_udp/net_wins`, driver tables. F retains older IPv4 interfaces.; donor: `UDP4_*`, `UDP6_*`, Windows IPv6 implementations.",`net_bsd/net_win/net_udp/net_wins`,D,P2,IPv4 and IPv6 direct connections work with platform-specific drivers.,source mapped; integration/acceptance pending
NET-020,network,"LAN queries, public-master discovery/heartbeats, getinfo/status, RCON, challenge-connect and ProQuake angle/NAT handshake. Q `net_dgrm`; F chiefly classic control/connect.",see report legend,migration-network-map.md,"LAN queries, public-master discovery/heartbeats, getinfo/status, RCON, challenge-connect and ProQuake angle/NAT handshake. Q `net_dgrm`; F chiefly classic control/connect.; donor: `_Datagram_ServerControlPacket`, `_Datagram_SearchForHosts`, `_Datagram_Connect`.",`net_dgrm/net_main`,D/A,P2,Discovery/control requests coexist with gameplay; advertised dialects match actual parsers.,source mapped; integration/acceptance pending
NET-021,network,"Serverinfo/userinfo key propagation, name/colors and QC-visible metadata. Q `cl_main:6994+`; F lacks matching handlers in scoped client/server files.",see report legend,migration-network-map.md,"Serverinfo/userinfo key propagation, name/colors and QC-visible metadata. Q `cl_main:6994+`; F lacks matching handlers in scoped client/server files.; donor: `SV_UpdateInfo`, `CL_ServerExtension_FullServerinfo_f`, userinfo handlers.","`cl_main/sv_main`, QC info interface",D,P2,Initial and incremental metadata update after reconnect/map change.,source mapped; integration/acceptance pending
NET-022,network,"Server-directed game switch, catalogue installation and reconnect. F `CL_ServerModDownload_*`, `CL_MaybeSwitchServerGame`. Q’s per-file download pipeline differs.",see report legend,migration-network-map.md,"Server-directed game switch, catalogue installation and reconnect. F `CL_ServerModDownload_*`, `CL_MaybeSwitchServerGame`. Q’s per-file download pipeline differs.; donor: Server gamedir information exists; no equivalent managed install/resume flow here.","`cl_main/cl_parse`, existing catalogue owner",R,P2,Missing mod installation resumes the intended connection; cancellation cleans state.,source mapped; integration/acceptance pending
NET-023,network,"VR aim/muzzle and room-scale samples, body-relative capability and finite/outlier validation. F `CL_WriteUsercmd`, `SV_ReadUsercmd`, `SV_ValidateVRRoomScaleUsercmd`.",see report legend,migration-network-map.md,"VR aim/muzzle and room-scale samples, body-relative capability and finite/outlier validation. F `CL_WriteUsercmd`, `SV_ReadUsercmd`, `SV_ValidateVRRoomScaleUsercmd`.; donor: No private payload.",`cl_input/sv_user`; movement application remains physics-owned,R,P3,Rotation/teleport preserves relative aim; invalid tracking contributes no movement.,source mapped; integration/acceptance pending
NET-024,network,"Akimbo/Berserk poses and weapon-contact payload/profile negotiation. F `MOVEEXT_VR_AKIMBO/CONTACT`, `SV_WriteWeaponContactProtocol`.",see report legend,migration-network-map.md,"Akimbo/Berserk poses and weapon-contact payload/profile negotiation. F `MOVEEXT_VR_AKIMBO/CONTACT`, `SV_WriteWeaponContactProtocol`.; donor: Absent.",`cl_input/sv_user/sv_main`; melee policy stays existing owner,R,P3,"Hand ordering, negotiated profile and queued command identity remain consistent.",source mapped; integration/acceptance pending
NET-025,network,"Raw/trusted Gorilla input, generations, contact identity and separately committed state sequence. F `CL_WriteUsercmd`, `SV_GorillaTrustedCommand`, ACK writer.",see report legend,migration-network-map.md,"Raw/trusted Gorilla input, generations, contact identity and separately committed state sequence. F `CL_WriteUsercmd`, `SV_GorillaTrustedCommand`, ACK writer.; donor: Absent.",existing command/PMove/Gorilla owners,DEFERRED-BY-USER,P3,"Surface reuse, release and authority change invalidate stale constraints.",excluded from current goal; see migration-scope-decisions.md
NET-026,network,"VRIK v2/v3 framed poses, opt-in, sequence/generation, stale/inactive handling; avatar identity/selection messages. F `protocol:75+`, `CL_AppendVRIKPose`, `SV_ReadVRIKPose`, capability handlers.",see report legend,migration-network-map.md,"VRIK v2/v3 framed poses, opt-in, sequence/generation, stale/inactive handling; avatar identity/selection messages. F `protocol:75+`, `CL_AppendVRIKPose`, `SV_ReadVRIKPose`, capability handlers.; donor: Absent.",protocol/codec and client/server transport; avatar owner retains identity,R,P3,Unsupported versions fall back; malformed body preserves framing; slot reuse rejects stale poses.,source mapped; integration/acceptance pending
NET-027,network,"Private voice framing/capability, source generation, rate limits and gameplay-first packet budgeting. F `svc_voice/clc_voice`, `SV_Voice*`, `CL_ParseVoicePacket`.",see report legend,migration-network-map.md,"Private voice framing/capability, source generation, rate limits and gameplay-first packet budgeting. F `svc_voice/clc_voice`, `SV_Voice*`, `CL_ParseVoicePacket`.; donor: FTE voice acceptance is not F’s private transport.",existing voice transport callsites,R,P3,Voice saturation cannot displace movement; stale source generations drop.,source mapped; integration/acceptance pending
NET-028,network,"PMove/QC authority: engine-compatible versus command-QC lifecycle, local-SP exclusion, ladder/customphysics gates, legacy tap latching. F `sv_user:2254`, `sv_pmove_policy.h`, `sv_phys:SV_RunPMoveForEntity`. Q’s simpler PreThink velocity restoration is superseded.",see report legend,migration-network-map.md,"PMove/QC authority: engine-compatible versus command-QC lifecycle, local-SP exclusion, ladder/customphysics gates, legacy tap latching. F `sv_user:2254`, `sv_pmove_policy.h`, `sv_phys:SV_RunPMoveForEntity`. Q’s simpler PreThink velocity restoration is superseded.; donor: `SV_Physics_Client` retains frame-based QC; `SV_RunClientCommand` declaration alone is insufficient.",`sv_user/sv_phys/pmove`,R/A,P3,Compatible mods predict; native-QC movement and one-frame actions retain their lifecycle.,source mapped; integration/acceptance pending
NET-029,network,"Coop collision/pickup/respawn policies remain physics/QC-owned. **M `sv_phys:6227` consumes tracking during MOVETYPE_NONE; X predates that guard**, plus teleport cleanup hooks in `pr_edict/sv_phys`.",see report legend,migration-network-map.md,"Coop collision/pickup/respawn policies remain physics/QC-owned. **M `sv_phys:6227` consumes tracking during MOVETYPE_NONE; X predates that guard**, plus teleport cleanup hooks in `pr_edict/sv_phys`.; donor: No equivalent fork policy or tracking guard.",existing gameplay owners,"R from M**, reconcile X",P3,Frozen remote player never moves or accumulates tracking debt; death/entity reuse clears lifecycle state.,source mapped; integration/acceptance pending
PERF-001,renderer,Worker scheduling,see report legend,migration-renderer-map.md,V `tasks.c:296` `Task_Worker`; worker creation `:453`,Retain V scheduler and dependency ownership.,P,P4,Multiple workers execute indexed jobs; joins complete.,source mapped; integration/acceptance pending
PERF-002,renderer,Multithreaded rendering,see report legend,migration-renderer-map.md,"V `gl_rmain.c:1556` rendering task graph; `gl_screen.c:1546` requires workers, `r_tasks`, GPU lightmaps",Extend existing frame/command contexts for eyes; preserve dependencies.,S,P4,Correct desktop/both-eye images; record worker utilization and frame times.,source mapped; integration/acceptance pending
PERF-003,renderer,Parallel texture loading/uploads,see report legend,migration-renderer-map.md,V `gl_model.c:1258` submits `Mod_LoadTextureTask`; `gl_rmisc.c:758` staging allocation/copy synchronization,Keep texture-manager and staging ownership.,P,P4,Parallel/serial loads produce identical textures without upload corruption.,source mapped; integration/acceptance pending
PERF-004,renderer,Parallel model skins,see report legend,migration-renderer-map.md,V `gl_model.c:3832` `Mod_LoadSkinTask`; `:5323` `Mod_LoadMDXSkinTask`,Retain indexed skin jobs and joins.,P,P4,Multi-skin MDL/MD3/MD5 assets match serial loading.,source mapped; integration/acceptance pending
PERF-005,renderer,Parallel BSP calculations,see report legend,migration-renderer-map.md,"V `gl_model.c:1816` `Mod_CalcSurfaceExtentsTask`, submission `:1989`; lump sequence `:3150` remains ordered",Reuse jobs; preserve BSP load ordering.,P,P4,"Same extents/lightmaps across worker counts, including mfxsp17.",source mapped; integration/acceptance pending
PERF-006,renderer,Avoid fixed-hunk dependence,see report legend,migration-renderer-map.md,"I `zone.c:562` grows hunk segments; F `zone.c:529` already segmented; V `mem.c:88` dynamically allocates, `gl_model.c:424` frees models",Keep V `Mem_*` and model lifetimes; do not import another allocator.,P,P4,Repeated large-map transitions release model allocations.,source mapped; integration/acceptance pending
PERF-007,renderer,Compact marksurfaces,see report legend,migration-renderer-map.md,"I `gl_model.h:192`, V `gl_model.h:226`: integer indices; F `gl_model.h:216`: pointers",Preserve V indexed representation at source integration boundaries.,P,P4,Identical visible surfaces; measure allocation bytes.,source mapped; integration/acceptance pending
PERF-008,renderer,Avoid retained CPU polygon copies,see report legend,migration-renderer-map.md,I `gl_model.h:137` surface layout lacks `polys`; `r_brush.c:578` builds vertices from edges. V `gl_model.h:181` retains polys,Audit V consumers before removing any demonstrated redundant copy; retain layout initially.,"P, I only",P4,Lower measured resident/peak memory with unchanged rendering.,source mapped; integration/acceptance pending
PERF-009,renderer,Jumbo lightmap packing,see report legend,migration-renderer-map.md,I `r_brush.c:324` `GL_PackLitSurfaces`: size-based radix ordering; V `:1799` `GL_SortSurfaces`: styles/submodel/spatial ordering,"Retain V packing, which serves its update layout.","P, different algorithms",P4,"Compare atlas count, packing time, and lighting correctness.",source mapped; integration/acceptance pending
PERF-010,renderer,Jumbo BSP formats,see report legend,migration-renderer-map.md,"I `gl_model.c:2412`, V `:3106` `Mod_LoadBrushModel`: BSP29, 2PSB, BSP2 paths",Preserve V widened formats and loader.,P,P4,"Large BSP2 loads with correct surfaces, leaves, and submodels.",source mapped; integration/acceptance pending
PERF-011,renderer,Named maps without `-heapsize`,see report legend,migration-renderer-map.md,"Allocator evidence PERF-006; I README names `tershib/shib1_drake`, `peril/tavistock`",First validate existing V allocation behavior.,U,P4,Both maps reach playable state without `-heapsize`; record peak RSS.,source mapped; integration/acceptance pending
PERF-012,renderer,Reduced jumbo loading time,see report legend,migration-renderer-map.md,Concrete mechanisms PERF-003–010; no timing evidence inspected,Measure existing stages before selecting further changes.,U,P4,"Same assets/settings: cold/warm load durations, stage times, peak memory.",source mapped; integration/acceptance pending
PERF-013,renderer,PVS/frustum/backface culling,see report legend,migration-renderer-map.md,I `r_world.c:58` GPU marking; V `r_world.c:459` `R_MarkLeafsSIMD`; `Shaders/indirect.comp:68` visibility/backface rejection,Keep V marking/indirect chain; represent visibility conservatively for both eyes.,S,P4,No geometry disappears at eye/frustum/PVS boundaries.,source mapped; integration/acceptance pending
PERF-014,renderer,Brush batching,see report legend,migration-renderer-map.md,"I `r_world.c:231` `R_FlushBModelCalls`, bindless multidraw `:263`; V `r_brush.c:1019` indirect draw per material group",Reuse V groups/descriptors; preserve material and transparency boundaries.,S,P4,Equal scene content; capture draw counts and CPU/GPU costs.,source mapped; integration/acceptance pending
PERF-015,renderer,GPU lightmap updates,see report legend,migration-renderer-map.md,V `r_brush.c:3590` `R_UpdateLightmapsAndIndirect`; I `gl_shaders.h:641` instead combines style samples while shading,Retain V updater; share lighting work using visibility from both eyes.,S,P4,"Animated/dynamic lighting agrees between eyes, including moving brush models.",source mapped; integration/acceptance pending
PERF-016,renderer,Existing no-VIS optimization,see report legend,migration-renderer-map.md,F `r_world.c:712` `R_EnsureNoVisSurfaceCache`; `:1062` GPU path has no-VIS and lighting restrictions,Preserve observable no-VIS behavior through V visibility machinery; avoid duplicating caches.,"P, source",P4,"No-VIS map retains sky, liquids, dynamic lights, and fallback correctness.",source mapped; integration/acceptance pending
PERF-017,renderer,Alias instancing,see report legend,migration-renderer-map.md,I `r_alias.c:296` `R_FlushAliasInstances`; F `:415` `GL_AliasInstanced_Flush`; V `:174` draws one instance,Adapt existing batching eligibility within V alias drawing.,S,P4,"Repeated models retain skins, poses, colors, fullbrights; capture submissions.",source mapped; integration/acceptance pending
PERF-018,renderer,Higher color precision,see report legend,migration-renderer-map.md,"I `gl_rmain.c:226` RGB10_A2; V `gl_vidsdl.c:1518` RGBA8 fallback, A2B10G10R10 selection",Preserve V format negotiation through stereo intermediates/presentation.,S,P4,Dark gradients match intended precision; record actual attachment formats.,source mapped; integration/acceptance pending
PERF-019,renderer,Higher depth precision,see report legend,migration-renderer-map.md,"I `gl_rmain.c:227` D24S8, `:771` conditional reversed-Z; V `gl_vidsdl.c:1539` prefers D32S8; `gl_rmain.c:302` reversed infinite projection",Adapt asymmetric eye projections to V depth convention.,S,P4,"Near/far geometry, weapons, decals, and both-eye depth remain correct.",source mapped; integration/acceptance pending
PERF-020,renderer,Precise original-level z-fighting workaround,see report legend,migration-renderer-map.md,I `gl_shaders.h:518` signed clip-space `1/1024` bias; `r_world.c:480` excludes world/decals. V `r_brush.c:987` uses depth bias; F `r_brush.c:184` shifts origin,Translate I bias and eligibility into existing V shaders if exact behavior is required.,"S, non-equivalent",P4,"Original-level doors/lifts at grazing angles: stable overlap, unchanged geometry, both eyes.",source mapped; integration/acceptance pending
PERF-021,renderer,Single-pass VR,see report legend,migration-renderer-map.md,No multiview/view-mask/ViewIndex implementation found in inspected I/V renderer/shader families; V `Shaders/indirect.comp:13` carries one view origin,Extend existing V passes/shaders/targets; representative task-enabled opaque multiview is a P1 exit gate before bulk ports.,M,P1 proof / P4 completion,Eligible opaque geometry uses multiview with distinct eye layers; permitted per-eye transparency/UI remains correct. One queue submission alone is not proof of single-pass rendering.,source mapped; integration/acceptance pending
PERF-022,renderer,mj4m1 culling/batching result,see report legend,migration-renderer-map.md,Mechanisms PERF-013–017 exist; no mj4m1 measurements inspected,Establish baseline before modifying those mechanisms.,U,P4,"Repeatable route: correct visibility plus CPU/GPU p50/p95/p99, draws, missed VR frames.",source mapped; integration/acceptance pending
PERF-023,renderer,Novel gains in desktop and VR,see report legend,migration-renderer-map.md,No measured bottleneck or numeric improvement target supplied,Profile existing owners; select one bounded change from evidence.,U,P4,"Demonstrated improvement against pinned baseline, with both modes checked for regressions.",source mapped; integration/acceptance pending
ASSET-001,renderer,PNG/TGA/JPG/JPEG decoding and lookup precedence,see report legend,migration-renderer-map.md,V `image.c:156` originally lacked jpeg and prefers PNG over TGA; F/X `image.c:196` includes jpeg and prefers TGA at equal path priority; higher path priority wins in both,Keep current vkQuake image loader with the already-added .jpeg search and PNG-before-TGA tie precedence.,"A, adapter present; runtime acceptance pending",P3,A .jpeg-only replacement loads; competing PNG/TGA files choose PNG at equal path priority and the higher-priority path otherwise.,adapter present; asset precedence acceptance pending
ASSET-002,renderer,MD3 truecolor skins,see report legend,migration-renderer-map.md,V `gl_model.c:5990` shared `Mod_LoadMDXSkinsByIndex`; loader `:6025`; F loader `:4769`,Reuse V MD3/material path and retain source-required naming behavior.,P,P3,Multi-surface MD3 renders correct PNG/TGA/JPG skin selections.,source mapped; integration/acceptance pending
ASSET-003,renderer,MD5 truecolor skins,see report legend,migration-renderer-map.md,V `gl_model.c:5571` calls shared skin loader; F `:5406` `Mod_MD5LoadSkinFrame`,Preserve V parsing/skin ownership; adapt source consumers narrowly.,P,P3,Animated MD5 retains materials and skin/framegroup selection.,source mapped; integration/acceptance pending
ASSET-004,renderer,Model fullbrights,see report legend,migration-renderer-map.md,V `gl_model.c:3569` `Mod_LoadFullbrightTexture`; suffix searches `:5257`; `r_alias.c:573` consumes `fbtextures`,Reuse glow/luma lookup and mask semantics.,P,P3,Dark scene preserves emission; transparent mask pixels contribute black.,source mapped; integration/acceptance pending
ASSET-005,renderer,Truecolor level textures/fullbrights,see report legend,migration-renderer-map.md,"V `gl_model.c:1050` map/global texture search, `:1069` glow/luma; F equivalent search `:1925`",Preserve V texture manager and map precedence.,P,P3,"Map-local override wins; fences, liquids, and glowing surfaces look correct.",source mapped; integration/acceptance pending
ASSET-006,renderer,Truecolor static models,see report legend,migration-renderer-map.md,V `gl_model.c:3671` external MDL skins; brush textures use `Mod_LoadTextureTask:979`; static entities enter via `r_world.c:927`,Use existing format loaders for static entities.,P,P3,Same model placed statically/dynamically has matching materials.,source mapped; integration/acceptance pending
ASSET-007,renderer,External WAD3/per-texture palettes,see report legend,migration-renderer-map.md,"V `gl_model.c:817` `Mod_LoadWadTexture`, palette flag `:852`; `gl_texmgr.c:1452` `TexMgr_LoadImage8Valve`; F WAD path `:1620`",Retain WAD/texture owners; preserve source validation requirements.,P,P3,Two textures sharing indices but different palettes render distinct correct colors.,adapter present; runtime image proof pending
ASSET-008,renderer,Lightmapped liquids,see report legend,migration-renderer-map.md,I `gl_model.c:1382`; V `:1941` distinguishes lit/unlit liquids; V `r_world.c:1326` binds liquid lightmap; F `gl_model.c:2638` already detects lit water,Retain V surface flags and water draw path.,P,P3,Lit liquid shows baked lighting; classic unlit liquid remains correct.,vkQuake implementation present; runtime acceptance pending
ASSET-009,renderer,Lightstyle interpolation,see report legend,migration-renderer-map.md,"I `gl_rlight.c:49`; F `:48`; V `R_AnimateLight:41`, GPU-update gate `:67`",Keep V lighting owner and modes 0/1/2; reconcile GPU gate so inherited CPU-path interpolation remains available.,"A, donor difference",P3,"With r_dynamic=1, smooth and abrupt styles (including ad_tears) follow modes 0/1/2 on both CPU and GPU lightmap update paths; mode 1 retains abrupt flicker.",source mapped; integration/acceptance pending
